rank,team,conference,overall_wlt,overall_pct,overall_strk,conference_wlt,conference_pct,conference_strk,home_wlt,home_pct,home_strk,road_wlt,road_pct,road_strk,neutral_wlt,neutral_pct,neutral_strk,non_division_wlt,non_division_pct,non_division_strk
1,Memphis,American,17-1-3,0.881,L1,9-0-1,0.950,T1,10-0-2,0.917,W5,6-1,0.857,L1,1-0-1,0.750,T1,0-0,0.000,W2
2,Stanford,ACC,21-2-2,0.880,L1,9-0-1,0.950,L1,14-0,1.000,W16,5-1-1,0.786,W4,2-1-1,0.625,L1,0-0,0.000,
3,Fairfield,MAAC,15-2-2,0.842,L1,10-0-2,0.917,L1,8-1-1,0.850,L1,7-1-1,0.833,W4,0-0,0.000,T1,0-0,0.000,T1
4,Notre Dame,ACC,15-2-3,0.825,L1,8-1-1,0.850,T1,10-1,0.909,L1,4-1-2,0.714,L1,1-0-1,0.750,T1,0-0,0.000,W2
5,Florida St.,ACC,16-2-4,0.818,W6,6-2-2,0.700,W1,8-1-2,0.818,W2,5-1-2,0.750,W2,3-0,1.000,W4,0-0,0.000,W1
6,TCU,Big 12,18-3-3,0.813,L1,9-1-1,0.864,T1,10-2-2,0.786,T1,8-0-1,0.944,W3,0-1,0.000,L3,0-0,0.000,W3
7,Vanderbilt,SEC,18-4-2,0.792,L1,7-2-1,0.750,W1,11-1-1,0.885,L1,5-3,0.625,W3,2-0-1,0.833,T1,0-0,0.000,W2
8,Texas Tech,Big 12,14-2-5,0.786,T1,7-1-3,0.773,T2,7-0-3,0.850,W1,7-2,0.778,L1,0-0-2,0.500,T2,0-0,0.000,W4
9,Western Mich.,MAC,16-4-1,0.786,L1,10-1-1,0.875,W7,10-0,1.000,W19,5-4-1,0.550,L1,1-0,1.000,W1,0-0,0.000,
10,Saint Mary's (CA),WCC,12-2-4,0.778,T1,7-1-3,0.773,T1,6-0-3,0.833,T1,6-2-1,0.722,W3,0-0,0.000,W1,0-0,0.000,
11,Cal St. Fullerton,Big West,14-3-3,0.775,L1,6-2-2,0.700,L1,8-0-3,0.864,W2,6-2,0.750,W2,0-1,0.000,L2,0-0,0.000,
12,Xavier,Big East,16-4-2,0.773,L1,8-1-1,0.850,W2,9-1,0.900,W1,5-2-2,0.667,W3,2-1,0.667,L1,0-0,0.000,W1
13,Colorado,Big 12,17-4-3,0.771,L1,8-1-2,0.818,L1,11-0-2,0.923,W6,4-3-1,0.563,L1,2-1,0.667,W1,0-0,0.000,W1
14,West Virginia,Big 12,14-3-4,0.762,T1,8-0-3,0.864,L1,10-1,0.909,W10,4-1-4,0.667,T1,0-1,0.000,L2,0-0,0.000,
15,Duke,ACC,17-5-1,0.761,L1,7-3,0.700,L2,13-1-1,0.900,W9,4-2,0.667,W2,0-2,0.000,L4,0-0,0.000,W2
16,Georgetown,Big East,16-4-3,0.761,L1,10-0,1.000,L1,8-2-2,0.750,L1,7-1-1,0.833,W6,1-1,0.500,L1,0-0,0.000,T1
17,Virginia,ACC,14-3-5,0.750,T1,6-2-2,0.700,L1,10-1-2,0.846,T1,4-1-3,0.688,T2,0-1,0.000,L1,0-0,0.000,
18,Dayton,Atlantic 10,15-4-3,0.750,L1,10-0,1.000,T1,8-2-2,0.750,T1,7-2-1,0.750,L1,0-0,0.000,W4,0-0,0.000,
19,ULM,Sun Belt,13-3-4,0.750,L1,6-0-4,0.800,L1,7-0-2,0.889,W2,4-2-2,0.625,W1,2-1,0.667,L1,0-0,0.000,L1
20,Saint Louis,Atlantic 10,14-4-2,0.750,L1,8-1-1,0.850,L1,7-2-2,0.727,L1,7-2,0.778,W6,0-0,0.000,W4,0-0,0.000,W2
21,Washington,Big Ten,15-3-7,0.740,L1,8-1-2,0.818,T1,7-1-2,0.800,W5,5-2-4,0.636,L1,3-0-1,0.875,W1,0-0,0.000,W1
22,Samford,SoCon,13-3-5,0.738,L1,7-0-2,0.889,W7,8-1-1,0.850,W7,5-2-4,0.636,L1,0-0,0.000,W1,0-0,0.000,W2
23,Binghamton,America East,10-2-5,0.735,L1,5-0-3,0.813,L1,6-1-1,0.813,L1,4-1-4,0.667,T1,0-0,0.000,L3,0-0,0.000,W1
24,Liberty,CUSA,14-4-4,0.727,L1,6-0-2,0.875,W9,8-3-2,0.692,W6,6-1-2,0.778,L1,0-0,0.000,W2,0-0,0.000,W1
25,South Dakota St.,Summit League,13-3-6,0.727,L1,4-1-3,0.688,W4,7-0-2,0.889,W3,4-3-3,0.550,L1,2-0-1,0.833,W1,2-0,1.000,W14
26,Old Dominion,Sun Belt,11-3-4,0.722,L1,6-1-3,0.750,L1,7-1-1,0.833,W4,3-1-3,0.643,L1,1-1,0.500,L1,0-0,0.000,L1
27,Delaware,CUSA,10-2-6,0.722,T2,3-2-3,0.563,T2,6-2-1,0.722,L1,4-0-4,0.750,T2,0-0-1,0.500,T1,0-0,0.000,
28,UNCW,CAA,11-3-4,0.722,T2,7-0-2,0.889,T2,6-3-1,0.650,T1,5-0-3,0.813,T2,0-0,0.000,L2,0-0,0.000,W7
29,Michigan St.,Big Ten,15-4-6,0.720,L1,7-1-3,0.773,T1,9-1-3,0.808,W5,4-3-2,0.556,L1,2-0-1,0.833,T1,0-0,0.000,
30,Tennessee,SEC,12-4-3,0.711,L2,6-2-2,0.700,L1,7-1-1,0.833,L1,5-2-2,0.667,L1,0-1,0.000,L2,0-0,0.000,
31,Utah Valley,WAC,14-5-3,0.705,L1,9-0-1,0.950,T1,9-1-2,0.833,T1,5-4-1,0.550,L1,0-0,0.000,L2,0-0,0.000,W1
32,Wagner,NEC,11-3-6,0.700,L1,8-1-2,0.818,W5,6-0-4,0.800,W3,5-3-2,0.600,L1,0-0,0.000,L3,0-0,0.000,L4
33,Oral Roberts,Summit League,13-5-2,0.700,L1,6-1-1,0.813,L1,9-3-1,0.731,L1,4-1-1,0.750,W4,0-1,0.000,L2,2-0,1.000,W17
34,Kansas,Big 12,16-6-3,0.700,L1,6-4-1,0.591,L1,7-3-2,0.667,W1,6-2-1,0.722,L1,3-1,0.750,W1,0-0,0.000,W2
35,Baylor,Big 12,14-5-4,0.696,L1,7-3-1,0.682,L1,8-1,0.889,W5,5-2-2,0.667,W1,1-2-2,0.400,L1,0-0,0.000,
36,Lipscomb,ASUN,15-6-2,0.696,L1,7-2-1,0.750,W3,10-0-2,0.917,W4,5-5,0.500,W1,0-1,0.000,L1,0-0,0.000,L1
37,UConn,Big East,11-4-3,0.694,L1,7-1-2,0.800,L1,5-1-2,0.750,W1,6-2-1,0.722,W4,0-1,0.000,L2,0-0,0.000,W1
38,UCF,Big 12,12-4-5,0.690,L1,5-1-5,0.682,L1,7-1-2,0.800,W3,5-2-3,0.650,L1,0-1,0.000,L3,0-0,0.000,W1
39,Northwestern St.,Southland,13-5-3,0.690,L1,7-2-1,0.750,L1,7-0-2,0.889,W5,5-4-1,0.550,W1,1-1,0.500,L1,0-0,0.000,W4
40,Kentucky,SEC,12-4-5,0.690,T2,5-2-3,0.650,T1,10-3,0.769,W1,1-1-4,0.500,T1,1-0-1,0.750,T1,0-0,0.000,W1
41,Louisville,ACC,13-5-3,0.690,L1,6-2-2,0.700,L1,10-0-2,0.917,T1,3-4-1,0.438,L1,0-1,0.000,L1,0-0,0.000,
42,Rhode Island,Atlantic 10,13-5-3,0.690,T1,5-3-2,0.600,T1,6-4,0.600,W1,7-1-3,0.773,T1,0-0,0.000,L3,0-0,0.000,W2
43,Elon,CAA,11-3-7,0.690,L1,4-2-3,0.611,T2,5-0-3,0.813,T1,6-3-4,0.615,L1,0-0,0.000,W1,0-0,0.000,W7
44,Milwaukee,Horizon,13-5-3,0.690,L1,8-0-2,0.900,W3,8-1-2,0.818,W3,5-4-1,0.550,L1,0-0,0.000,L1,0-0,0.000,
45,Buffalo,MAC,12-5-2,0.684,L2,8-3-1,0.708,L2,6-1-1,0.813,L1,6-3-1,0.650,W2,0-1,0.000,L1,0-0,0.000,
46,Northern Ky.,Horizon,10-3-6,0.684,L1,7-1-2,0.800,L1,7-0,1.000,W11,3-2-6,0.545,T1,0-1,0.000,L1,1-0,1.000,W2
47,Portland,WCC,10-3-6,0.684,W4,7-1-3,0.773,W4,6-3-1,0.650,W3,4-0-5,0.722,W2,0-0,0.000,L2,0-0,0.000,W1
48,Dartmouth,Ivy League,11-4-4,0.684,L1,4-1-2,0.714,W4,4-2-1,0.643,W1,6-2-3,0.682,L1,1-0,1.000,W3,1-0,1.000,W4
49,Duquesne,Atlantic 10,12-5-2,0.684,T1,7-3,0.700,T1,7-1-1,0.833,T1,5-4-1,0.550,W2,0-0,0.000,L4,0-0,0.000,W1
50,Seattle U,WCC,10-3-6,0.684,W3,6-3-2,0.636,W3,7-1-2,0.800,W1,3-2-3,0.563,W2,0-0-1,0.500,T2,0-0,0.000,W3
51,Army West Point,Patriot,14-6-2,0.682,L1,5-3-1,0.611,W3,7-1-1,0.833,W4,7-5,0.583,L1,0-0-1,0.500,T1,0-0,0.000,W1
52,Wisconsin,Big Ten,14-6-2,0.682,L1,6-3-2,0.636,L1,8-2,0.800,W3,5-2-2,0.667,T1,1-2,0.333,L2,0-0,0.000,
53,LSU,SEC,15-6-4,0.680,L1,5-2-3,0.650,L1,7-1-1,0.833,W2,4-5-2,0.455,L1,4-0-1,0.900,W1,0-0,0.000,L1
54,Montana,Big Sky,11-4-5,0.675,L1,5-1-2,0.750,T2,9-1-3,0.808,T2,2-3-2,0.429,L1,0-0,0.000,W2,1-0,1.000,W7
55,UC Santa Barbara,Big West,13-5-5,0.674,L1,5-2-3,0.650,L1,8-2-1,0.773,W4,5-2-4,0.636,T1,0-1,0.000,L1,0-0,0.000,
56,Boise St.,Mountain West,10-3-8,0.667,T2,8-0-2,0.900,T2,5-3-4,0.583,T2,5-0-4,0.778,W4,0-0,0.000,L2,0-0,0.000,W2
57,Illinois,Big Ten,13-6-2,0.667,L2,5-4-2,0.545,L1,5-1-1,0.786,W2,7-4-1,0.625,L1,1-1,0.500,L1,0-0,0.000,
58,Iowa,Big Ten,12-5-4,0.667,L1,6-2-3,0.682,L1,7-1-2,0.800,W3,5-2-2,0.667,W1,0-2,0.000,L3,0-0,0.000,
59,North Carolina,ACC,13-6-2,0.667,T2,6-4,0.600,W2,9-1,0.900,W4,4-5-1,0.450,T1,0-0-1,0.500,T1,0-0,0.000,W3
60,South Alabama,Sun Belt,10-4-4,0.667,L1,6-1-3,0.750,L1,7-1-2,0.800,T2,3-2-1,0.583,W2,0-1-1,0.250,L1,0-0,0.000,W3
61,FGCU,ASUN,11-5-2,0.667,L1,8-1-1,0.850,L1,7-2,0.778,L1,4-3-2,0.556,T1,0-0,0.000,T1,1-0,1.000,L1
62,UCLA,Big Ten,12-5-4,0.667,T1,6-2-3,0.682,L1,8-1-1,0.850,W1,3-3-2,0.500,T1,1-1-1,0.500,T1,0-0,0.000,
63,Bowling Green,MAC,10-3-9,0.659,L1,4-1-7,0.625,L1,5-2-4,0.636,T1,4-1-4,0.667,L1,1-0-1,0.750,T1,0-0,0.000,W2
64,Cal Poly,Big West,10-3-9,0.659,L1,6-2-2,0.700,W2,3-0-6,0.667,T1,5-3-3,0.591,L1,2-0,1.000,W2,0-0,0.000,
65,Colorado St.,Mountain West,10-4-5,0.658,L1,4-2-4,0.600,L1,7-0-2,0.889,W1,3-3-3,0.500,T1,0-1,0.000,L2,0-0,0.000,
66,Eastern Ky.,ASUN,10-4-5,0.658,L1,5-2-3,0.650,L1,7-0-3,0.850,W1,3-3-2,0.500,L1,0-1,0.000,L2,0-0,0.000,W1
67,Furman,SoCon,10-4-5,0.658,L1,3-2-4,0.556,L1,4-1-3,0.688,W1,5-3-2,0.600,L2,1-0,1.000,W2,1-0,1.000,W10
68,Miami (OH),MAC,11-5-3,0.658,T1,8-2-2,0.750,T1,6-1-1,0.813,W2,5-4-1,0.550,W2,0-0-1,0.500,T2,0-0,0.000,
69,Murray St.,MVC,10-4-5,0.658,T1,5-1-3,0.722,T1,6-2-2,0.700,T1,4-2-3,0.611,W3,0-0,0.000,W1,0-0,0.000,W2
70,Boston U.,Patriot,11-5-3,0.658,L1,7-1-1,0.833,L1,6-2-2,0.700,L1,5-3-1,0.611,W3,0-0,0.000,L1,0-0,0.000,W5
71,Radford,Big South,10-5-1,0.656,L1,7-1,0.875,L1,7-1,0.875,W6,3-3-1,0.500,W1,0-1,0.000,L2,2-0,1.000,W4
72,Wake Forest,ACC,11-5-4,0.650,L1,4-3-3,0.550,L1,9-0-3,0.875,W1,2-5-1,0.313,L4,0-0,0.000,L1,0-0,0.000,W1
73,Rice,American,10-4-6,0.650,L1,3-2-5,0.550,L1,5-1-2,0.750,T1,4-2-3,0.611,L1,1-1-1,0.500,L1,0-0,0.000,
74,Weber St.,Big Sky,12-6-2,0.650,T1,5-2-1,0.688,T1,5-2,0.714,W1,6-4-2,0.583,T1,1-0,1.000,W1,0-0,0.000,W2
75,Stony Brook,CAA,12-6-2,0.650,T1,5-4,0.556,T1,8-2-2,0.750,T1,4-4,0.500,W1,0-0,0.000,L3,0-0,0.000,L1
76,Brown,Ivy League,9-4-4,0.647,L2,3-2-2,0.571,L2,3-2-2,0.571,L1,6-2-2,0.700,L1,0-0,0.000,W1,0-0,0.000,W5
77,Quinnipiac,MAAC,8-3-6,0.647,T1,8-0-4,0.833,T1,5-0-3,0.813,T1,3-3-3,0.500,W2,0-0,0.000,L1,0-0,0.000,W2
78,Texas St.,Sun Belt,10-4-7,0.643,L1,5-1-4,0.700,W2,5-3-2,0.600,L1,3-1-4,0.625,L1,2-0-1,0.833,W2,1-0,1.000,W3
79,Ohio St.,Big Ten,11-5-6,0.636,L1,4-2-5,0.591,L2,2-1-4,0.571,L1,8-3-2,0.692,L1,1-1,0.500,W1,1-0,1.000,W2
80,Arizona St.,Big 12,10-5-4,0.632,T1,3-5-3,0.409,T1,6-3-1,0.650,L3,4-2-3,0.611,T1,0-0,0.000,L2,0-0,0.000,
81,Arkansas,SEC,10-5-4,0.632,L1,7-1-2,0.800,L1,7-2-1,0.750,W6,3-1-3,0.643,T1,0-2,0.000,L3,0-0,0.000,W4
82,California,ACC,8-3-8,0.632,L1,4-2-4,0.600,L1,5-2-3,0.650,L1,3-1-5,0.611,T1,0-0,0.000,T1,0-0,0.000,L1
83,Oklahoma,SEC,10-5-4,0.632,L2,3-4-3,0.450,L2,8-1-2,0.818,W1,2-3-2,0.429,L1,0-1,0.000,L2,0-0,0.000,W2
84,ETSU,SoCon,9-4-6,0.632,L1,4-1-4,0.667,L1,6-0-3,0.833,W1,3-3-3,0.500,L1,0-1,0.000,L2,0-0,0.000,W3
85,Loyola Chicago,Atlantic 10,9-4-6,0.632,L1,4-2-4,0.600,L1,4-1-3,0.688,T1,5-3-3,0.591,L1,0-0,0.000,L1,0-0,0.000,W1
86,Chattanooga,SoCon,10-5-4,0.632,L1,4-2-3,0.611,L1,8-0-1,0.944,W1,2-4-3,0.389,W1,0-1,0.000,L1,0-0,0.000,W2
87,James Madison,Sun Belt,9-4-6,0.632,T1,5-2-3,0.650,T1,5-2-2,0.667,L1,4-2-3,0.611,W2,0-0-1,0.500,T1,0-0,0.000,
88,Middle Tenn.,CUSA,11-6-3,0.625,L1,5-2-1,0.688,L1,6-2-2,0.700,W1,4-3-1,0.563,W2,1-1,0.500,L1,0-0,0.000,T1
89,Mississippi St.,SEC,12-7-1,0.625,L2,5-4-1,0.550,L1,5-3-1,0.611,L3,5-3,0.625,W1,2-1,0.667,L1,0-0,0.000,W1
90,San Diego St.,Mountain West,9-4-7,0.625,T1,4-2-4,0.600,T1,5-3-3,0.591,W2,3-1-4,0.625,T2,1-0,1.000,W1,0-0,0.000,
91,South Carolina,SEC,10-5-5,0.625,L3,4-2-4,0.600,L2,6-1-2,0.778,L1,4-3-3,0.550,L2,0-1,0.000,L3,0-0,0.000,W1
92,Bellarmine,ASUN,11-6-3,0.625,L1,4-5-1,0.450,L1,4-2-3,0.611,T1,7-3,0.700,W2,0-1,0.000,L1,1-0,1.000,W3
93,Lindenwood,OVC,10-5-5,0.625,L1,5-2-2,0.667,L1,4-3-2,0.556,W2,5-2-3,0.650,L1,1-0,1.000,W4,0-0,0.000,W2
94,Northwestern,Big Ten,9-4-8,0.619,T1,4-2-5,0.591,L1,4-1-3,0.688,T1,4-2-5,0.591,T1,1-1,0.500,L1,0-0,0.000,
95,Georgia,SEC,10-5-6,0.619,L2,6-1-3,0.750,L1,6-3-3,0.625,L1,4-1-2,0.714,W2,0-1-1,0.250,L1,0-0,0.000,
96,Western Ky.,CUSA,9-5-3,0.618,L1,6-0-2,0.875,L1,4-1-3,0.688,W1,5-3,0.625,W4,0-1,0.000,L4,2-0,1.000,W6
97,Vermont,America East,8-4-6,0.611,T1,5-1-2,0.750,T1,4-3-3,0.550,T1,4-1-3,0.688,W1,0-0,0.000,L6,0-0,0.000,W3
98,Denver,Summit League,9-5-4,0.611,L1,6-1-1,0.813,L1,5-2,0.714,W2,4-2-2,0.625,W1,0-1-2,0.333,L1,0-0,0.000,
99,Monmouth,CAA,10-6-2,0.611,L1,5-3-1,0.611,L1,5-4-1,0.550,L1,5-2-1,0.688,L1,0-0,0.000,W7,0-0,0.000,
100,Charlotte,American,10-6-2,0.611,L1,6-2-2,0.700,L1,5-2-1,0.688,W2,5-3-1,0.611,W1,0-1,0.000,L3,0-0,0.000,W5
101,Jacksonville,ASUN,9-5-5,0.605,L1,6-1-3,0.750,L1,4-1-3,0.688,T2,5-4-1,0.550,L1,0-0-1,0.500,T2,1-0,1.000,W4
102,Southern Ill.,MVC,10-6-3,0.605,L2,4-4-1,0.500,L2,5-1-3,0.722,L1,5-5,0.500,L2,0-0,0.000,L1,0-0,0.000,W2
103,USC Upstate,Big South,10-6-3,0.605,T2,6-2,0.750,T2,5-1-1,0.786,W1,5-5,0.500,W2,0-0-2,0.500,T2,0-0,0.000,W4
104,Pepperdine,WCC,11-7-2,0.600,L1,8-2-1,0.773,W1,4-3-1,0.563,L2,7-4-1,0.625,L1,0-0,0.000,W1,0-0,0.000,
105,Siena,MAAC,9-5-6,0.600,L1,6-3-3,0.625,L1,6-1-3,0.750,W2,3-4-3,0.450,L1,0-0,0.000,L2,0-0,0.000,L6
106,Western Caro.,SoCon,10-6-4,0.600,L1,5-2-2,0.667,L1,5-6,0.455,L1,5-0-4,0.778,T1,0-0,0.000,L1,0-0,0.000,W1
107,UTSA,American,10-6-6,0.591,L1,4-3-3,0.550,W1,5-3-2,0.600,L2,2-3-3,0.438,L1,3-0-1,0.875,W1,1-0,1.000,W3
108,SFA,Southland,8-4-10,0.591,L1,5-1-4,0.700,L1,4-1-4,0.667,W2,4-2-5,0.591,W1,0-1-1,0.250,L1,0-0,0.000,L1
109,Little Rock,OVC,7-4-6,0.588,L1,5-0-4,0.778,L1,4-0-4,0.750,T1,3-3-2,0.500,W2,0-1,0.000,L2,0-0,0.000,L1
110,Marshall,Sun Belt,8-5-4,0.588,L1,4-2-4,0.600,L1,4-1-2,0.714,W1,4-3-2,0.556,W1,0-1,0.000,L2,1-0,1.000,W1
111,Grambling,SWAC,11-7-5,0.587,L1,5-0-3,0.813,W5,6-0-2,0.875,W2,1-7-3,0.227,L1,4-0,1.000,W8,0-0-1,0.500,W1
112,Utah St.,Mountain West,10-6-7,0.587,T2,5-2-3,0.650,T1,6-0-3,0.833,W4,2-6-4,0.333,T2,2-0,1.000,W7,0-0,0.000,
113,BYU,Big 12,11-7-6,0.583,L1,4-5-2,0.455,W2,6-3-2,0.636,T1,3-4-3,0.450,L1,2-0-1,0.833,T1,0-0,0.000,
114,Houston,Big 12,7-4-7,0.583,L1,2-4-5,0.409,L1,6-1-4,0.727,T3,1-3-3,0.357,L1,0-0,0.000,L8,1-0,1.000,W1
115,Nebraska,Big Ten,8-5-5,0.583,L2,3-5-3,0.409,L2,6-3-2,0.636,L1,2-2-3,0.500,L1,0-0,0.000,L4,0-0,0.000,W1
116,Colgate,Patriot,9-6-4,0.579,L2,6-2-1,0.722,L2,5-2-2,0.667,L1,4-4-2,0.500,L1,0-0,0.000,L2,0-0,0.000,T1
117,Drake,MVC,9-6-4,0.579,L1,6-2-1,0.722,L1,6-3-1,0.650,L1,3-3-3,0.500,L2,0-0,0.000,W2,0-0,0.000,W4
118,New Mexico,Mountain West,8-5-6,0.579,L2,4-2-4,0.600,L2,5-1-2,0.750,W1,3-3-4,0.500,L1,0-1,0.000,L1,0-0-1,0.500,T1
119,Navy,Patriot,9-6-4,0.579,T1,2-3-4,0.444,T1,6-2-1,0.722,L1,3-4-2,0.444,T2,0-0-1,0.500,T2,1-0,1.000,W8
120,North Ala.,ASUN,8-5-6,0.579,T1,4-3-3,0.550,T1,4-3-1,0.563,L1,4-2-4,0.600,W2,0-0-1,0.500,T1,0-0,0.000,L1
121,Ball St.,MAC,10-7-3,0.575,L1,7-4-1,0.625,L1,2-4-2,0.375,L1,8-2,0.800,W4,0-1-1,0.250,L1,0-0,0.000,
122,UC Irvine,Big West,8-5-7,0.575,L1,5-2-3,0.650,L1,4-3-3,0.550,L1,4-2-4,0.600,W1,0-0,0.000,W2,0-0,0.000,
123,FDU,NEC,9-6-5,0.575,L1,9-0-2,0.909,L1,6-3-1,0.650,L1,3-3-4,0.500,T2,0-0,0.000,L1,0-0,0.000,T1
124,Fordham,Atlantic 10,10-7-3,0.575,L1,5-4-1,0.550,L1,7-2,0.778,L1,3-5-3,0.409,L1,0-0,0.000,W1,0-0,0.000,L1
125,Mercer,SoCon,10-7-3,0.575,L1,3-3-3,0.500,L1,5-3-2,0.600,T1,4-4-1,0.500,L1,1-0,1.000,W1,0-0,0.000,W6
126,Tulsa,American,9-6-5,0.575,L1,4-3-3,0.550,L1,7-2-1,0.750,W3,2-3-4,0.444,L1,0-1,0.000,L5,1-0,1.000,W5
127,Houston Christian,Southland,12-9-2,0.565,L1,4-4-2,0.500,W5,5-2-1,0.688,W2,4-7-1,0.375,L1,3-0,1.000,W3,0-0,0.000,L1
128,LIU,NEC,7-5-5,0.559,L1,5-3-3,0.591,L1,5-1-3,0.722,T1,1-4-2,0.286,L3,1-0,1.000,W1,0-0,0.000,W1
129,Sam Houston,CUSA,8-6-3,0.559,L1,5-2-1,0.688,L1,4-2,0.667,W1,4-4-2,0.500,L2,0-0-1,0.500,T2,0-0,0.000,W1
130,Col. of Charleston,CAA,8-6-3,0.559,T1,4-3-2,0.556,T1,5-3-1,0.611,W1,3-3-2,0.500,T1,0-0,0.000,L1,0-0,0.000,W1
131,Princeton,Ivy League,8-6-3,0.559,L1,5-2,0.714,L1,5-3-2,0.600,L1,3-3-1,0.500,W2,0-0,0.000,L2,0-0,0.000,W5
132,NJIT,America East,7-5-6,0.556,W2,2-3-3,0.438,W2,5-3-2,0.600,W1,2-2-4,0.500,W1,0-0,0.000,W1,0-0,0.000,L1
133,Clemson,ACC,8-6-5,0.553,L1,4-4-2,0.500,L1,4-2-4,0.600,W2,4-4-1,0.500,L2,0-0,0.000,L2,0-0,0.000,W4
134,Jackson St.,SWAC,9-7-3,0.553,L1,6-1-1,0.813,L1,3-1-1,0.700,W1,4-5-2,0.455,L1,2-1,0.667,L1,0-0,0.000,W1
135,Longwood,Big South,9-7-3,0.553,T1,5-3,0.625,T1,7-3-2,0.667,W2,2-4,0.333,W1,0-0-1,0.500,T1,0-0,0.000,W3
136,Howard,NEC,9-7-3,0.553,L2,7-2-2,0.727,L2,5-2-2,0.667,W3,3-5-1,0.389,L3,1-0,1.000,W1,0-0,0.000,W2
137,Santa Clara,WCC,8-6-5,0.553,T1,4-2-5,0.591,T1,5-2-2,0.667,W1,3-4-3,0.450,T2,0-0,0.000,W2,0-0,0.000,
138,Indiana St.,MVC,8-6-6,0.550,L2,4-2-3,0.611,L2,5-3-2,0.600,L2,3-3-4,0.500,W1,0-0,0.000,W1,1-0,1.000,W2
139,Kent St.,MAC,8-6-6,0.550,T1,6-4-2,0.583,T1,5-2-1,0.688,W3,3-4-4,0.455,L2,0-0-1,0.500,T1,0-0,0.000,
140,Penn St.,Big Ten,10-8-3,0.548,L1,5-4-2,0.545,L1,6-2-3,0.682,W2,4-5,0.444,L2,0-1,0.000,L1,0-0,0.000,W2
141,Southern Ind.,OVC,9-7-5,0.548,T1,4-2-3,0.611,T1,6-3,0.667,L1,2-4-5,0.409,T1,1-0,1.000,W1,0-0,0.000,W2
142,Alabama,SEC,11-9-2,0.545,L1,4-6,0.400,L1,6-3-1,0.650,T1,4-5-1,0.450,L3,1-1,0.500,L1,0-0,0.000,W2
143,Illinois St.,MVC,8-6-8,0.545,T1,3-2-4,0.556,T1,5-3-5,0.577,T1,3-3-3,0.500,W1,0-0,0.000,W1,0-0,0.000,W3
144,Sacred Heart,MAAC,11-9-2,0.545,L1,7-5,0.583,T1,6-3-1,0.650,W2,5-6-1,0.458,L1,0-0,0.000,L6,0-0,0.000,W2
145,Penn,Ivy League,5-4-6,0.533,T1,1-3-3,0.357,T1,3-3-4,0.500,T1,2-1-2,0.600,W1,0-0,0.000,W1,0-0,0.000,
146,Butler,Big East,5-4-8,0.529,T3,2-3-5,0.450,T3,4-1-3,0.688,T1,1-3-5,0.389,T2,0-0,0.000,L2,0-0,0.000,W1
147,UMass Lowell,America East,6-5-6,0.529,T2,3-2-3,0.563,T2,2-3-5,0.450,T1,4-2-1,0.643,T1,0-0,0.000,L1,0-0,0.000,T2
148,FIU,CUSA,7-6-4,0.529,L1,4-3-1,0.563,L1,3-2-2,0.571,T1,4-3-2,0.556,L1,0-1,0.000,L2,0-0,0.000,W1
149,Villanova,Big East,9-8-1,0.528,T1,4-5-1,0.450,T1,5-3-1,0.611,T1,4-5,0.444,L2,0-0,0.000,L3,0-0,0.000,W1
150,Fresno St.,Mountain West,7-6-5,0.528,W1,4-4-2,0.500,W1,3-1-4,0.625,W3,4-5-1,0.450,L4,0-0,0.000,L2,0-0,0.000,
151,Central Conn. St.,NEC,7-6-5,0.528,L1,6-1-4,0.727,L1,3-3-3,0.500,T1,4-3-2,0.556,L1,0-0,0.000,W1,0-0,0.000,T1
152,Hofstra,CAA,6-5-7,0.528,L1,3-3-3,0.500,L1,4-0-5,0.722,W2,2-5-2,0.333,L1,0-0,0.000,W2,0-0,0.000,T1
153,Kansas St.,Big 12,7-6-5,0.528,T1,2-5-4,0.364,T1,4-3-1,0.563,T1,3-3-4,0.500,L1,0-0,0.000,L1,0-0,0.000,
154,Manhattan,MAAC,7-6-5,0.528,L1,6-5-1,0.542,L1,5-2-3,0.650,W5,2-4-2,0.375,L2,0-0,0.000,L1,0-0,0.000,L2
155,North Dakota,Summit League,8-7-3,0.528,W1,2-4-2,0.375,W1,2-4-1,0.357,L2,6-3-2,0.636,W2,0-0,0.000,L3,1-0,1.000,W5
156,Louisiana,Sun Belt,7-6-5,0.528,T1,4-3-3,0.550,T1,4-2-2,0.625,L1,3-4-2,0.444,W1,0-0-1,0.500,T1,0-0,0.000,L1
157,UAB,American,7-6-6,0.526,L1,4-3-3,0.550,L1,5-2-4,0.636,W1,2-3-2,0.429,W2,0-1,0.000,L5,0-0,0.000,W2
158,Eastern Wash.,Big Sky,8-7-4,0.526,L1,4-3-1,0.563,L1,6-1-3,0.750,W2,2-5-1,0.313,W1,0-1,0.000,L1,1-0,1.000,W1
159,Georgia St.,Sun Belt,9-8-2,0.526,L3,5-4-1,0.550,L3,6-2-1,0.722,L1,3-5-1,0.389,L1,0-1,0.000,L1,1-0,1.000,W1
160,South Dakota,Summit League,7-6-6,0.526,L2,3-3-2,0.500,L2,4-3-4,0.545,L1,3-3-2,0.500,L1,0-0,0.000,L2,1-0,1.000,W6
161,Air Force,Mountain West,8-7-4,0.526,L1,6-2-2,0.700,L1,5-3,0.625,W3,3-3-4,0.500,T1,0-1,0.000,L3,0-1,0.000,L1
162,Wyoming,Mountain West,7-6-6,0.526,T1,2-4-4,0.400,T1,5-1-2,0.750,T1,2-5-4,0.364,L2,0-0,0.000,T1,2-0,1.000,W2
163,Utah Tech,WAC,8-7-5,0.525,T1,4-4-2,0.500,T1,5-2-2,0.667,W3,3-5-2,0.400,L3,0-0-1,0.500,T1,0-0,0.000,W1
164,CSUN,Big West,8-7-5,0.525,T1,6-1-3,0.750,T1,5-4-1,0.550,T1,3-3-4,0.500,T1,0-0,0.000,L1,0-0,0.000,
165,Idaho,Big Sky,6-5-9,0.525,T1,2-2-4,0.500,T1,3-2-4,0.556,L1,2-3-5,0.450,T2,1-0,1.000,W1,0-0,0.000,
166,South Fla.,American,9-8-3,0.525,T1,4-4-2,0.500,T1,5-1-2,0.750,W1,3-7,0.300,L4,1-0-1,0.750,T1,0-0,0.000,W1
167,Kansas City,Summit League,9-8-3,0.525,L1,3-3-2,0.500,L1,4-3-2,0.556,T1,5-5-1,0.500,L1,0-0,0.000,L1,1-0,1.000,W2
168,California Baptist,WAC,10-9-4,0.522,L1,6-3-1,0.650,T2,7-2,0.778,W2,3-6-3,0.375,L1,0-1-1,0.250,T1,0-0,0.000,T2
169,Alabama A&M,SWAC,9-9-1,0.500,L1,5-2-1,0.688,L1,4-4,0.500,W2,5-4-1,0.550,W2,0-1,0.000,L2,0-0,0.000,T1
170,App State,Sun Belt,7-7-3,0.500,W2,3-4-3,0.450,W2,4-3-1,0.563,W1,3-4-2,0.444,W1,0-0,0.000,L1,0-0,0.000,W1
171,Bryant,America East,5-5-8,0.500,L1,2-2-4,0.500,L1,3-2-3,0.563,T2,2-3-5,0.450,L1,0-0,0.000,W1,0-0,0.000,L5
172,Canisius,MAAC,8-8-3,0.500,T2,7-4-1,0.625,T2,5-3-2,0.600,T1,3-5-1,0.389,T1,0-0,0.000,T1,0-0,0.000,W1
173,Northern Ariz.,Big Sky,6-6-7,0.500,L1,2-3-3,0.438,L1,2-3-2,0.429,T2,3-2-4,0.556,W1,1-1-1,0.500,L1,1-0,1.000,
174,Davidson,Atlantic 10,7-7-3,0.500,L2,3-5-2,0.400,L2,5-2-1,0.688,L1,2-5-2,0.333,L1,0-0,0.000,W1,0-0,0.000,W5
175,Eastern Ill.,OVC,8-8-3,0.500,L4,5-3-1,0.611,L4,3-3-2,0.500,L2,5-5-1,0.500,L2,0-0,0.000,L3,0-0,0.000,W3
176,Evansville,MVC,7-7-2,0.500,L2,3-5-1,0.389,L2,4-3,0.571,L1,3-4-2,0.444,L1,0-0,0.000,L1,0-0,0.000,L1
177,UIC,MVC,8-8-6,0.500,L1,3-3-3,0.500,T2,3-3-2,0.500,W1,5-5-4,0.500,L1,0-0,0.000,L1,1-0,1.000,
178,Loyola Maryland,Patriot,5-5-8,0.500,L1,2-2-5,0.500,L1,2-3-4,0.444,T1,3-2-4,0.556,L2,0-0,0.000,T1,0-0,0.000,L1
179,Marquette,Big East,7-7-4,0.500,W1,3-4-3,0.450,W1,4-2-2,0.625,W1,3-5-2,0.400,L3,0-0,0.000,L1,0-0,0.000,
180,Providence,Big East,6-6-4,0.500,T1,3-4-3,0.450,T1,4-3-2,0.556,W1,2-3-2,0.429,T1,0-0,0.000,L4,0-0,0.000,W4
181,Southern California,Big Ten,7-7-3,0.500,L1,4-5-2,0.455,L1,5-3-2,0.600,T1,2-3-1,0.417,T1,0-1,0.000,L1,0-0,0.000,
182,SMU,ACC,8-8-2,0.500,L5,2-6-2,0.300,L5,6-3-1,0.650,L2,2-5-1,0.313,L3,0-0,0.000,L1,0-0,0.000,
183,Tennessee Tech,OVC,7-7-8,0.500,L1,6-0-3,0.833,W1,4-3-5,0.542,W1,3-4-3,0.450,L1,0-0,0.000,W1,0-0,0.000,W2
184,Towson,CAA,5-5-6,0.500,W1,3-3-3,0.500,W1,2-1-4,0.571,L1,3-4-2,0.444,W1,0-0,0.000,L1,0-0,0.000,
185,Washington St.,WCC,7-7-5,0.500,W2,5-4-2,0.545,W2,4-3-2,0.556,W1,3-4-3,0.450,W1,0-0,0.000,W1,0-0,0.000,
186,William & Mary,CAA,7-7-4,0.500,L1,5-2-2,0.667,L1,7-2-1,0.750,L1,0-5-3,0.188,L2,0-0,0.000,T1,0-0,0.000,
187,Wright St.,Horizon,7-7-5,0.500,L1,4-1-5,0.650,L1,4-4-3,0.500,L1,3-3-2,0.500,T1,0-0,0.000,W1,1-0,1.000,W3
188,Grand Canyon,Mountain West,8-8-2,0.500,T1,3-5-2,0.400,T1,2-4-2,0.375,T1,6-4,0.600,L1,0-0,0.000,L1,0-0,0.000,L1
189,North Florida,ASUN,9-9-4,0.500,L1,5-3-2,0.600,L1,4-3-1,0.563,W1,3-6-3,0.375,L1,2-0,1.000,W2,0-0,0.000,T1
190,Tarleton St.,WAC,7-7-6,0.500,L1,1-5-4,0.300,L1,5-3-4,0.583,L1,2-4-2,0.375,T2,0-0,0.000,L1,1-0,1.000,W3
191,Green Bay,Horizon,8-9-4,0.476,L1,4-3-3,0.550,L1,5-4-1,0.550,W4,2-5-3,0.350,L1,1-0,1.000,W1,0-0,0.000,T1
192,Lamar University,Southland,7-8-5,0.475,L1,3-3-4,0.500,L1,6-2-3,0.682,L1,1-6-2,0.222,L1,0-0,0.000,W1,1-0,1.000,L1
193,CSU Bakersfield,Big West,8-9-2,0.474,L2,5-4-1,0.550,L2,5-2-1,0.688,L1,3-7-1,0.318,L1,0-0,0.000,T1,0-0,0.000,L2
194,Creighton,Big East,7-8-4,0.474,L1,4-3-3,0.550,L1,4-3-2,0.556,W2,3-4-2,0.444,T1,0-1,0.000,L2,0-0,0.000,W3
195,Gonzaga,WCC,8-9-2,0.474,W2,6-3-2,0.636,W2,7-3-1,0.682,W2,1-6-1,0.188,W1,0-0,0.000,L1,1-0,1.000,W1
196,Holy Cross,Patriot,6-7-6,0.474,T1,3-3-3,0.500,T1,4-4-2,0.500,T1,2-3-4,0.444,T1,0-0,0.000,L1,0-0,0.000,L1
197,Texas Southern,SWAC,7-8-4,0.474,L2,5-2-1,0.688,L2,4-2-3,0.611,W1,3-5-1,0.389,L1,0-1,0.000,L2,2-0,1.000,W2
198,UC San Diego,Big West,5-6-8,0.474,W1,3-3-4,0.500,W1,3-4-3,0.450,W1,2-2-5,0.500,T3,0-0,0.000,L1,0-0,0.000,L1
199,East Texas A&M,Southland,7-8-4,0.474,L2,4-2-4,0.600,L2,5-4-1,0.550,L1,2-3-3,0.438,W2,0-1,0.000,L2,0-0,0.000,L1
200,Auburn,SEC,5-6-7,0.472,L1,1-3-6,0.400,L1,4-2-4,0.600,T3,1-3-3,0.357,T1,0-1,0.000,L4,0-0,0.000,
201,Colorado Col.,Mountain West,5-6-7,0.472,T2,2-3-5,0.450,T2,2-1-5,0.563,T1,3-5-2,0.400,T1,0-0,0.000,W1,0-0,0.000,W1
202,Florida,SEC,6-7-5,0.472,L2,2-3-5,0.450,L2,4-3-3,0.550,T1,2-3-2,0.429,L1,0-1,0.000,L3,0-0,0.000,
203,La Salle,Atlantic 10,7-8-3,0.472,L2,4-4-2,0.500,L2,3-2-2,0.571,T1,4-6-1,0.409,L3,0-0,0.000,T1,0-0,0.000,W2
204,Miami (FL),ACC,7-8-3,0.472,T1,1-7-2,0.200,T1,5-4-1,0.550,W1,2-4-2,0.375,T1,0-0,0.000,L1,0-0,0.000,
205,Indiana,Big Ten,5-6-6,0.471,L1,2-4-5,0.409,L1,5-1-3,0.722,L1,0-5-3,0.188,L1,0-0,0.000,L1,0-0,0.000,W3
206,Columbia,Ivy League,6-7-3,0.469,L1,4-2-1,0.643,L1,3-1-3,0.643,W2,3-5,0.375,L2,0-1,0.000,L14,0-0,0.000,W2
207,Harvard,Ivy League,5-6-3,0.464,L2,3-3-1,0.500,L2,3-3-3,0.500,L1,2-3,0.400,L1,0-0,0.000,L1,0-0,0.000,T1
208,Youngstown St.,Horizon,8-10-2,0.450,L1,6-2-2,0.700,L1,6-2,0.750,L1,2-8-2,0.250,L1,0-0,0.000,W1,0-0,0.000,W7
209,Missouri St.,CUSA,7-9-4,0.450,L1,2-3-3,0.438,L1,0-6-1,0.071,L3,5-3-3,0.591,L1,2-0,1.000,W2,0-0,0.000,W1
210,Marist,MAAC,6-8-5,0.447,L2,5-2-5,0.625,L2,3-2-4,0.556,T1,3-6-1,0.350,L3,0-0,0.000,T1,0-0,0.000,
211,Charleston So.,Big South,6-8-4,0.444,L1,3-4-1,0.438,L1,5-2-2,0.667,W1,1-6-2,0.222,L4,0-0,0.000,L5,1-0,1.000,W2
212,Eastern Mich.,MAC,6-8-4,0.444,L1,4-4-4,0.500,L1,4-4-2,0.500,W2,2-4-2,0.375,L2,0-0,0.000,W1,0-0,0.000,
213,UMBC,America East,6-8-4,0.444,L1,2-5-1,0.313,L1,5-4,0.556,L1,1-4-4,0.333,T1,0-0,0.000,L2,0-0,0.000,W1
214,Michigan,Big Ten,6-8-4,0.444,T1,3-4-4,0.455,T1,3-4-2,0.444,T2,3-4-2,0.444,L1,0-0,0.000,W2,0-0,0.000,
215,Southeastern La.,Southland,6-8-4,0.444,L1,5-3-2,0.600,L1,3-2-2,0.571,W1,3-6-2,0.364,L1,0-0,0.000,L1,0-0,0.000,
216,Stonehill,NEC,6-8-4,0.444,W2,6-3-2,0.636,W2,3-2-2,0.571,W1,3-6-2,0.364,W2,0-0,0.000,W4,0-0,0.000,L2
217,East Carolina,American,6-8-4,0.444,L2,4-4-2,0.500,L2,2-3-3,0.438,L2,4-4-1,0.500,W1,0-1,0.000,L1,0-0,0.000,W6
218,Maine,America East,6-8-4,0.444,L1,3-3-2,0.500,T1,3-4-1,0.438,W3,3-4-3,0.450,L1,0-0,0.000,L1,0-0,0.000,T1
219,Cleveland St.,Horizon,4-6-7,0.441,L1,1-3-6,0.400,L1,3-3-4,0.500,W1,1-3-3,0.357,L1,0-0,0.000,L1,0-0,0.000,W2
220,LMU (CA),WCC,5-7-5,0.441,L2,2-5-4,0.364,L2,2-5-3,0.350,L2,3-2-2,0.571,T2,0-0,0.000,L2,0-0,0.000,
221,Minnesota,Big Ten,6-8-3,0.441,L1,2-6-3,0.318,L1,5-5-1,0.500,L1,1-3-2,0.333,T1,0-0,0.000,W1,0-0,0.000,
222,New Hampshire,America East,4-6-7,0.441,L2,2-2-4,0.500,L2,3-0-5,0.688,T3,1-6-2,0.222,L2,0-0,0.000,L1,1-0,1.000,W1
223,Texas A&M,SEC,5-7-5,0.441,L1,2-6-2,0.300,L1,5-3-2,0.600,L1,0-4-3,0.214,T1,0-0,0.000,L2,0-0,0.000,
224,Belmont,MVC,4-6-7,0.441,W1,2-4-3,0.389,W1,3-1-5,0.611,W1,1-5-2,0.250,L5,0-0,0.000,L2,0-0,0.000,W2
225,Coastal Carolina,Sun Belt,3-5-8,0.438,L1,0-2-8,0.400,L1,1-2-5,0.438,T5,2-3-3,0.438,L1,0-0,0.000,L1,0-0,0.000,W1
226,Cornell,Ivy League,5-7-4,0.438,L2,2-5,0.286,L2,2-3-2,0.429,L3,3-4-2,0.444,L1,0-0,0.000,W2,0-0,0.000,L1
227,Niagara,MAAC,6-8-2,0.438,L2,3-7-2,0.333,L2,2-4-2,0.375,L1,4-4,0.500,L1,0-0,0.000,L1,0-0,0.000,
228,Winthrop,Big South,4-6-6,0.438,T2,2-3-3,0.438,T2,3-3-3,0.500,T1,1-3-3,0.357,T1,0-0,0.000,T1,1-0,1.000,W8
229,Wofford,SoCon,6-9-6,0.429,L1,2-4-3,0.389,L1,2-4-4,0.400,W2,4-5-2,0.455,L1,0-0,0.000,L3,0-0,0.000,W4
230,VCU,Atlantic 10,7-10-3,0.425,L1,5-4-1,0.550,L1,4-5-1,0.450,W2,3-5-2,0.400,L1,0-0,0.000,L1,0-0,0.000,
231,Lafayette,Patriot,5-8-7,0.425,L1,3-3-3,0.500,L1,4-3-3,0.550,W1,1-5-4,0.300,L1,0-0,0.000,L4,0-0,0.000,L2
232,Utah,Big 12,7-10-3,0.425,L5,2-7-2,0.273,L5,3-6-2,0.364,L4,4-4-1,0.500,L1,0-0,0.000,L1,1-0,1.000,W1
233,Cincinnati,Big 12,5-8-6,0.421,L1,3-6-2,0.364,L1,4-2-3,0.611,W2,1-6-3,0.250,L4,0-0,0.000,L2,0-0,0.000,
234,Omaha,Summit League,6-9-4,0.421,L1,3-4-1,0.438,L1,2-4-2,0.375,W1,4-5-2,0.455,L2,0-0,0.000,W2,0-0,0.000,W2
235,A&M-Corpus Christi,Southland,5-8-6,0.421,T1,3-4-3,0.450,T1,3-3-3,0.500,W1,2-5-2,0.333,T1,0-0-1,0.500,T1,1-0,1.000,W1
236,Boston College,ACC,5-8-5,0.417,L2,1-7-2,0.200,L2,3-4-3,0.450,L3,2-4-2,0.375,L1,0-0,0.000,L3,0-0,0.000,W2
237,Long Beach St.,Big West,5-8-5,0.417,L2,2-4-4,0.400,L2,3-2-5,0.550,T2,2-6,0.250,L2,0-0,0.000,L2,0-0,0.000,W1
238,Jacksonville St.,CUSA,6-9-3,0.417,L4,0-7-1,0.063,L4,2-4-3,0.389,L1,4-5,0.444,L4,0-0,0.000,L1,0-0,0.000,W1
239,Richmond,Atlantic 10,4-7-7,0.417,W1,1-5-4,0.300,W1,3-3-3,0.500,W1,1-4-4,0.333,T1,0-0,0.000,W2,0-0,0.000,
240,Saint Peter's,MAAC,6-9-3,0.417,W1,3-8-1,0.292,W1,4-3-1,0.563,W2,2-6-2,0.300,L4,0-0,0.000,L7,0-0,0.000,
241,San Diego,WCC,4-7-7,0.417,L3,1-7-3,0.227,L3,3-3-5,0.500,L1,1-4-2,0.286,L3,0-0,0.000,L2,0-0,0.000,
242,Valparaiso,MVC,5-8-4,0.412,W1,2-4-3,0.389,W1,3-3-1,0.500,L1,2-5-3,0.350,W1,0-0,0.000,W2,0-0,0.000,W1
243,Alcorn,SWAC,5-8-4,0.412,L1,3-3-2,0.500,L1,3-2-1,0.583,W1,1-5-3,0.278,L2,1-1,0.500,L1,0-0,0.000,W2
244,Idaho St.,Big Sky,5-8-4,0.412,L1,2-4-2,0.375,L1,4-4-2,0.500,L1,1-4-2,0.286,T1,0-0,0.000,L5,0-0,0.000,T1
245,Massachusetts,MAC,5-8-4,0.412,L3,3-6-2,0.364,L3,3-4-1,0.438,L2,2-4-3,0.389,L1,0-0,0.000,L1,0-0,0.000,T1
246,Central Ark.,ASUN,6-9-2,0.412,L1,3-5-2,0.400,L1,4-4-1,0.500,L1,1-5-1,0.214,L1,1-0,1.000,W1,0-0,0.000,L1
247,Campbell,CAA,4-7-5,0.406,T1,2-4-3,0.389,T1,2-5-2,0.333,T1,2-2-3,0.500,T1,0-0,0.000,T1,0-0,0.000,W2
248,Rutgers,Big Ten,4-7-5,0.406,T1,2-7-2,0.273,T1,4-2-3,0.611,W1,0-5-2,0.143,T1,0-0,0.000,L1,0-0,0.000,W1
249,Arkansas St.,Sun Belt,4-7-4,0.400,W1,2-6-2,0.300,W1,3-3-2,0.500,W1,1-4-2,0.286,L1,0-0,0.000,L3,0-0,0.000,W1
250,Oakland,Horizon,4-8-8,0.400,L1,2-2-6,0.500,L1,2-1-6,0.556,T3,2-7-2,0.273,L1,0-0,0.000,W1,0-0,0.000,W3
251,Hawaii,Big West,4-8-8,0.400,L2,2-4-4,0.400,L2,2-4-4,0.400,L2,2-4-4,0.400,L1,0-0,0.000,W1,0-0,0.000,W5
252,North Texas,American,6-10-4,0.400,L1,2-5-3,0.350,L1,3-5-2,0.400,L1,3-5-2,0.400,W1,0-0,0.000,L2,0-0,0.000,W6
253,Arizona,Big 12,7-11-1,0.395,T1,2-8-1,0.227,T1,6-4-1,0.591,T1,1-7,0.125,L7,0-0,0.000,L1,0-0,0.000,
254,Chicago St.,NEC,5-9-5,0.395,L2,3-6-2,0.364,L2,3-3-2,0.500,L1,2-6-3,0.318,L1,0-0,0.000,L2,0-0,0.000,L1
255,Ohio,MAC,5-9-5,0.395,W1,3-5-4,0.417,W1,2-5-3,0.350,L1,3-4-2,0.444,W1,0-0,0.000,L1,0-0,0.000,
256,Delaware St.,NEC,6-10-3,0.395,L2,4-6-1,0.409,L2,3-5-2,0.400,L2,3-5-1,0.389,W1,0-0,0.000,W2,0-0-1,0.500,T1
257,Iona,MAAC,6-10-3,0.395,L2,4-6-2,0.417,L2,2-4-2,0.375,L2,4-6-1,0.409,W3,0-0,0.000,L1,0-0,0.000,L2
258,Purdue,Big Ten,6-10-3,0.395,W1,3-7-1,0.318,W1,3-5-2,0.400,L2,3-5-1,0.389,W1,0-0,0.000,T1,0-0,0.000,
259,UT Martin,OVC,3-7-9,0.395,T1,3-3-3,0.500,T1,1-4-6,0.364,W1,2-3-2,0.429,W1,0-0-1,0.500,T1,0-0,0.000,W2
260,Akron,MAC,5-9-4,0.389,W1,2-7-3,0.292,W1,5-4,0.556,W1,0-5-4,0.222,T1,0-0,0.000,L4,0-0,0.000,
261,Pittsburgh,ACC,6-10-2,0.389,W1,2-8,0.200,W1,3-6-2,0.364,W1,3-4,0.429,L4,0-0,0.000,W2,0-0,0.000,
262,Drexel,CAA,3-7-8,0.389,L1,2-5-2,0.333,L1,2-4-3,0.389,L2,1-3-5,0.389,W1,0-0,0.000,L3,0-0,0.000,W1
263,George Washington,Atlantic 10,5-9-4,0.389,L1,2-7-1,0.250,L1,2-6-1,0.278,L5,3-3-3,0.500,W1,0-0,0.000,W1,0-0,0.000,
264,NC State,ACC,5-9-4,0.389,L3,4-4-2,0.500,L3,2-5-1,0.313,L2,3-4-3,0.450,L1,0-0,0.000,L2,0-0,0.000,W2
265,Syracuse,ACC,5-9-4,0.389,L3,1-8-1,0.150,L3,3-5-2,0.400,L4,2-4-2,0.375,L2,0-0,0.000,W2,0-0,0.000,W1
266,Toledo,MAC,4-8-6,0.389,L3,1-7-4,0.250,L3,4-2-3,0.611,L1,0-6-3,0.167,L5,0-0,0.000,W2,0-0,0.000,W2
267,The Citadel,SoCon,5-9-3,0.382,L3,2-5-2,0.333,L3,3-4,0.429,L1,2-5-3,0.350,L2,0-0,0.000,W1,1-0,1.000,W5
268,UNC Asheville,Big South,5-9-3,0.382,L3,1-5-2,0.250,L3,2-6-1,0.278,L1,3-3-2,0.500,L2,0-0,0.000,W1,1-0,1.000,W6
269,Troy,Sun Belt,5-9-3,0.382,L4,0-7-3,0.150,L4,3-3-2,0.500,L2,2-6-1,0.278,L4,0-0,0.000,W2,1-0,1.000,W2
270,Abilene Christian,WAC,6-11-3,0.375,L1,2-5-3,0.350,L1,5-1-2,0.750,W1,1-10-1,0.125,L3,0-0,0.000,L1,0-0,0.000,W1
271,Northeastern,CAA,3-7-6,0.375,T1,2-4-3,0.389,T1,1-4-3,0.313,W1,2-3-3,0.438,T1,0-0,0.000,T1,0-0,0.000,T1
272,UIW,Southland,4-8-4,0.375,L1,2-5-3,0.350,L1,3-2-2,0.571,T1,1-5-2,0.250,L4,0-1,0.000,L4,0-0,0.000,W1
273,High Point,Big South,5-10-5,0.375,L1,3-3-2,0.500,T1,4-4-1,0.500,W4,0-6-3,0.167,L1,1-0-1,0.750,T1,0-0,0.000,L1
274,Pacific,WCC,4-9-6,0.368,L3,1-6-4,0.273,L3,2-5-2,0.333,L2,2-4-4,0.400,L1,0-0,0.000,W1,0-0,0.000,
275,Ole Miss,SEC,4-8-3,0.367,L1,0-7-3,0.150,L1,3-3-2,0.500,L1,1-5-1,0.214,L1,0-0,0.000,L1,0-0,0.000,
276,Maryland,Big Ten,6-11-1,0.361,T1,2-8-1,0.227,T1,6-4-1,0.591,T1,0-7,0.000,L7,0-0,0.000,L1,0-0,0.000,W1
277,Nicholls,Southland,4-9-5,0.361,L2,1-5-4,0.300,L2,2-4-4,0.400,L1,2-5-1,0.313,L1,0-0,0.000,T1,0-0,0.000,T1
278,Rider,MAAC,3-8-7,0.361,W1,1-6-5,0.292,W1,3-4-3,0.450,W1,0-4-4,0.250,L1,0-0,0.000,L1,0-0,0.000,T1
279,Saint Joseph's,Atlantic 10,5-10-3,0.361,T2,2-6-2,0.300,T2,4-4-1,0.500,T1,1-6-2,0.222,T1,0-0,0.000,L3,0-0,0.000,T1
280,Sacramento St.,Big Sky,6-11-1,0.361,L4,2-5-1,0.313,L4,2-6-1,0.278,L1,3-4,0.429,L3,1-1,0.500,L1,0-0,0.000,W11
281,UTRGV,Southland,5-10-2,0.353,W1,3-6-1,0.350,W1,3-6,0.333,W1,2-4-2,0.375,L1,0-0,0.000,L2,1-0,1.000,W1
282,Portland St.,Big Sky,4-9-4,0.353,L1,3-3-2,0.500,L1,2-4-2,0.375,L1,2-4-2,0.375,W1,0-1,0.000,L2,1-0,1.000,W9
283,Iowa St.,Big 12,4-9-4,0.353,T1,1-8-2,0.182,T1,2-3-3,0.438,T1,2-6-1,0.278,T1,0-0,0.000,T2,0-0,0.000,
284,Robert Morris,Horizon,4-9-4,0.353,L3,2-5-3,0.350,L3,3-4-2,0.444,L1,1-5-2,0.250,L2,0-0,0.000,W2,0-0,0.000,W1
285,UNI,MVC,4-9-3,0.344,L5,1-6-2,0.222,L5,3-5-1,0.389,L4,1-4-2,0.286,L1,0-0,0.000,L2,2-0,1.000,W1
286,UNLV,Mountain West,4-10-5,0.342,W1,2-4-4,0.400,W1,2-4-4,0.400,T1,2-6-1,0.278,W1,0-0,0.000,L3,0-0,0.000,W2
287,Virginia Tech,ACC,4-10-4,0.333,T1,0-8-2,0.100,T1,2-4-3,0.389,T1,2-6-1,0.278,L6,0-0,0.000,W1,0-0,0.000,
288,Bucknell,Patriot,3-9-6,0.333,L2,1-4-4,0.333,L2,1-5-3,0.278,L1,2-4-3,0.389,L2,0-0,0.000,W1,0-0,0.000,
289,Prairie View,SWAC,5-11-2,0.333,L1,4-3-1,0.563,L1,3-6,0.333,L1,2-5-2,0.333,L1,0-0,0.000,W1,0-0,0.000,L7
290,George Mason,Atlantic 10,4-10-4,0.333,T1,3-5-2,0.400,T1,2-4-3,0.389,T2,2-6-1,0.278,L4,0-0,0.000,L2,0-0,0.000,W1
291,NIU,MAC,4-10-3,0.324,L5,2-7-2,0.273,L5,3-5-1,0.389,L2,1-5-2,0.250,L3,0-0,0.000,L1,0-0,0.000,W2
292,Missouri,SEC,4-10-3,0.324,T2,1-7-2,0.200,T2,3-4-2,0.444,T1,1-6-1,0.188,T1,0-0,0.000,W1,0-0,0.000,W1
293,St. John's (NY),Big East,3-9-5,0.324,L1,1-6-3,0.250,L1,2-3-4,0.444,W1,1-6-1,0.188,L3,0-0,0.000,L1,0-0,0.000,W2
294,UTEP,CUSA,3-9-5,0.324,T1,0-4-4,0.250,T1,2-3-3,0.438,T2,1-6-2,0.222,L1,0-0,0.000,L1,0-0,0.000,W5
295,Northern Colo.,Big Sky,3-10-6,0.316,L1,2-4-2,0.375,L1,1-4-3,0.313,L1,1-6-3,0.250,L1,1-0,1.000,W1,0-0,0.000,L1
296,St. Thomas (MN),Summit League,3-9-4,0.313,L1,0-5-3,0.188,L1,1-4-3,0.313,L1,2-5-1,0.313,L1,0-0,0.000,T1,1-0,1.000,T1
297,Oregon,Big Ten,3-10-5,0.306,W1,1-6-4,0.273,W1,2-5-3,0.350,W1,1-4-2,0.286,T1,0-1,0.000,L1,0-0,0.000,
298,Hampton,CAA,5-12-1,0.306,L9,0-9,0.000,L42,4-4-1,0.500,L4,0-7,0.000,L12,1-1,0.500,W1,3-0,1.000,W8
299,North Dakota St.,Summit League,5-12-1,0.306,L1,1-6-1,0.188,L1,3-5,0.375,L5,2-7-1,0.250,L1,0-0,0.000,L2,3-0,1.000,W17
300,Seton Hall,Big East,3-10-5,0.306,L7,0-9-1,0.050,L7,2-4-3,0.389,L3,1-6-2,0.222,L5,0-0,0.000,L4,0-0,0.000,
301,Gardner-Webb,Big South,4-11-3,0.306,L4,3-3-2,0.500,L3,3-3-1,0.500,L2,1-8-2,0.182,L2,0-0,0.000,L1,0-0,0.000,W6
302,IU Indy,Horizon,4-11-3,0.306,W1,3-5-2,0.400,W1,1-6-2,0.222,W1,3-5-1,0.389,T1,0-0,0.000,T2,0-0,0.000,W7
303,McNeese,Southland,4-12-4,0.300,L3,3-5-2,0.400,L3,3-3-3,0.500,L1,1-8-1,0.150,L3,0-1,0.000,L2,0-0,0.000,W1
304,American,Patriot,3-10-4,0.294,W1,3-5-1,0.389,W1,2-5-3,0.350,T1,1-5-1,0.214,W1,0-0,0.000,L3,0-0,0.000,L1
305,Fla. Atlantic,American,4-12-3,0.289,L5,1-7-2,0.200,L5,3-5-2,0.400,L2,1-7-1,0.167,L3,0-0,0.000,L1,0-0,0.000,W1
306,Queens (NC),ASUN,3-11-5,0.289,L1,2-6-2,0.300,L1,3-4-3,0.450,T1,0-7-2,0.111,L3,0-0,0.000,T1,0-0,0.000,T1
307,UNC Greensboro,SoCon,4-12-3,0.289,L1,2-4-3,0.389,L1,4-4-2,0.500,W1,0-8-1,0.056,L3,0-0,0.000,T1,0-0,0.000,W1
308,Presbyterian,Big South,3-10-3,0.281,L1,0-6-2,0.125,L1,2-4-3,0.389,T1,1-6,0.143,L6,0-0,0.000,L1,0-0,0.000,W1
309,DePaul,Big East,4-12-2,0.278,T1,1-7-2,0.200,T1,2-7-1,0.250,T1,2-5-1,0.313,L1,0-0,0.000,L2,0-0,0.000,W1
310,Ga. Southern,Sun Belt,2-10-6,0.278,L1,0-5-5,0.250,L1,1-4-2,0.286,T1,1-6-4,0.273,L1,0-0,0.000,L3,0-0,0.000,W3
311,San Francisco,WCC,3-11-4,0.278,L2,2-7-2,0.273,L2,3-5-2,0.400,L1,0-6-2,0.125,L2,0-0,0.000,W1,0-0,0.000,
312,Merrimack,MAAC,4-12-2,0.278,L6,3-9,0.250,L6,3-5-1,0.389,L4,1-7-1,0.167,L3,0-0,0.000,L1,0-0,0.000,W1
313,SIUE,OVC,3-12-5,0.275,L1,2-4-3,0.389,L1,2-5-3,0.350,T1,1-7-1,0.167,L7,0-0-1,0.500,T1,0-0,0.000,W2
314,Lehigh,Patriot,3-11-3,0.265,L3,1-7-1,0.167,L2,0-6-2,0.125,L5,3-5-1,0.389,L2,0-0,0.000,W1,0-0,0.000,
315,Texas,SEC,4-12-1,0.265,W1,2-8,0.200,W1,3-5-1,0.389,W1,1-7,0.125,L7,0-0,0.000,L1,0-0,0.000,
316,UC Davis,Big West,3-12-4,0.263,W1,1-8-1,0.150,W1,0-7-2,0.111,L4,3-5-2,0.400,W1,0-0,0.000,L3,0-0,0.000,L3
317,Oklahoma St.,Big 12,4-13-2,0.263,L9,0-10-1,0.045,L9,2-6-1,0.278,L6,2-7-1,0.250,L5,0-0,0.000,L1,0-0,0.000,W3
318,Louisiana Tech,CUSA,4-13-2,0.263,L1,3-4-1,0.438,L1,2-5-2,0.333,T1,2-8,0.200,L2,0-0,0.000,L1,0-0,0.000,W10
319,Stetson,ASUN,5-14,0.263,L2,2-8,0.200,L2,2-7,0.222,L1,3-7,0.300,L3,0-0,0.000,W1,0-0,0.000,T1
320,West Ga.,ASUN,4-13-2,0.263,T1,2-6-2,0.300,T1,3-5-2,0.400,T1,1-8,0.111,W1,0-0,0.000,L3,0-0,0.000,L1
321,Southern Utah,WAC,3-12-3,0.250,L3,2-7-1,0.250,L3,2-5-2,0.333,T1,1-7-1,0.167,L4,0-0,0.000,L3,0-0,0.000,W2
322,Oregon St.,WCC,2-12-5,0.237,L3,1-9-1,0.136,L3,1-5-2,0.250,L1,1-7-3,0.227,L6,0-0,0.000,L2,0-0,0.000,
323,Mercyhurst,NEC,3-13-3,0.237,W2,3-6-2,0.364,W2,2-6-1,0.278,W1,1-7-2,0.200,W1,0-0,0.000,L3,0-0,0.000,L2
324,Mount St. Mary's,MAAC,3-12-2,0.235,T1,1-9-2,0.167,T1,3-4-1,0.438,L3,0-8-1,0.056,T1,0-0,0.000,L8,1-0,1.000,W1
325,Kennesaw St.,CUSA,2-11-4,0.235,L1,1-6-1,0.188,L1,2-5-3,0.350,L1,0-6-1,0.071,L2,0-0,0.000,T1,0-0,0.000,T3
326,Yale,Ivy League,3-11-1,0.233,T1,1-5-1,0.214,T1,1-6,0.143,L6,2-5-1,0.313,T1,0-0,0.000,L3,0-0,0.000,W1
327,New Mexico St.,CUSA,2-12-4,0.222,T1,1-3-4,0.375,T1,1-5-2,0.250,L2,1-7-2,0.200,T1,0-0,0.000,L1,0-0,0.000,L1
328,St. Bonaventure,Atlantic 10,3-13-2,0.222,L10,0-10,0.000,L11,2-5-1,0.313,L5,1-8-1,0.150,L6,0-0,0.000,W1,1-0,1.000,W1
329,Morehead St.,OVC,3-13-2,0.222,T2,1-6-2,0.222,T2,3-6-1,0.350,T1,0-7-1,0.063,T1,0-0,0.000,L1,0-0,0.000,W2
330,Southern U.,SWAC,3-12-1,0.219,L3,2-5-1,0.313,L3,1-3-1,0.300,L2,2-8,0.200,L1,0-1,0.000,L1,0-0,0.000,W1
331,Temple,American,4-15,0.211,L2,1-9,0.100,L2,3-5,0.375,L4,1-9,0.100,L1,0-1,0.000,L4,1-0,1.000,W1
332,Le Moyne,NEC,2-13-4,0.211,W1,2-6-3,0.318,W1,0-7-1,0.063,L4,2-6-3,0.318,W2,0-0,0.000,W12,0-0,0.000,L1
333,Austin Peay,ASUN,0-11-7,0.194,T2,0-6-4,0.200,T2,0-6-2,0.125,L2,0-5-5,0.250,T3,0-0,0.000,T2,0-0,0.000,L1
334,Detroit Mercy,Horizon,2-13-3,0.194,T1,0-7-3,0.150,T1,2-3-3,0.438,T2,0-10,0.000,L10,0-0,0.000,L4,1-0,1.000,W1
335,UAlbany,America East,2-13-2,0.176,L7,1-7,0.125,L6,0-7-1,0.063,L5,2-6-1,0.278,L3,0-0,0.000,W1,0-0,0.000,W1
336,Nevada,Mountain West,2-14-2,0.167,L7,1-8-1,0.150,L7,1-4-2,0.286,L2,1-10,0.091,L9,0-0,0.000,L2,0-0,0.000,
337,Southeast Mo. St.,OVC,2-15-2,0.158,L1,2-5-2,0.333,L1,1-6-1,0.188,L2,1-8-1,0.150,T1,0-1,0.000,L1,0-0,0.000,W10
338,Southern Miss.,Sun Belt,2-14-1,0.147,L8,1-9,0.100,L8,1-6-1,0.188,L5,1-8,0.111,L3,0-0,0.000,L3,0-0,0.000,T1
339,Central Mich.,MAC,1-14-3,0.139,W1,1-8-3,0.208,W1,1-6-2,0.222,W1,0-8-1,0.056,L5,0-0,0.000,L1,0-0,0.000,
340,Purdue Fort Wayne,Horizon,2-15-1,0.139,L1,1-9,0.100,L1,2-6-1,0.278,W1,0-9,0.000,L16,0-0,0.000,L1,1-0,1.000,W4
341,San Jose St.,Mountain West,1-14-3,0.139,L7,0-7-3,0.150,L7,0-7-1,0.063,L4,1-7-2,0.200,L3,0-0,0.000,T1,0-0,0.000,W1
342,VMI,SoCon,2-17-1,0.125,L2,0-9,0.000,L13,1-6-1,0.188,L4,1-11,0.083,L2,0-0,0.000,L1,0-0,0.000,W4
343,Alabama St.,SWAC,2-17-1,0.125,L3,1-7,0.125,L3,1-8-1,0.150,L4,1-8,0.111,L2,0-1,0.000,L2,1-1-1,0.500,W1
344,South Carolina St.,DI Independent,2-14,0.125,L6,0-0,0.000,,2-6,0.250,L2,0-7,0.000,L8,0-1,0.000,L5,1-1,0.500,L1
345,Saint Francis,NEC,0-14-4,0.111,L4,0-9-2,0.091,L4,0-5-2,0.143,L2,0-9-2,0.091,L3,0-0,0.000,W1,0-0,0.000,
346,Ark.-Pine Bluff,SWAC,1-13-1,0.100,L12,0-8,0.000,L9,0-6-1,0.071,L6,1-6,0.143,L6,0-1,0.000,L2,1-1-1,0.500,L1
347,Western Ill.,OVC,1-17-1,0.079,L1,0-8-1,0.056,L1,1-8,0.111,L8,0-9-1,0.050,T1,0-0,0.000,L4,1-0,1.000,W7
348,UC Riverside,Big West,0-16-2,0.056,L5,0-9-1,0.050,L5,0-5-2,0.143,L2,0-11,0.000,L13,0-0,0.000,W1,0-0,0.000,W1
349,New Haven,NEC,0-13-1,0.036,L7,0-10-1,0.045,L7,0-6-1,0.071,L4,0-7,0.000,L7,0-0,0.000,L3,0-0,0.000,T2
350,Mississippi Val.,SWAC,0-2,0.000,L3,0-0,0.000,L1,0-1,0.000,L1,0-1,0.000,L4,0-0,0.000,L3,0-0,0.000,W8
