date,team,opponent,home_away,outcome,team_score,opponent_score,overtime,gp,minutes,goals,assists,points,sh_att,so_g,fouls,red_cards,yellow_cards,corners,pk,pk_att,gwg,defensive_minutes,defensive_goals,defensive_assists,defensive_points,defensive_sh_att,defensive_so_g,defensive_fouls,defensive_red_cards,defensive_yellow_cards,defensive_corners,defensive_pk,defensive_pk_att,defensive_gwg,team_id
2026-08-12,A&M-Corpus Christi Islanders,Tarleton St.,Home,Draw,2,2,,1,990:00,2.0,1.0,5.0,13.0,9.0,8,,,4.0,,,,990:00,2.0,1.0,5.0,12.0,6.0,11,,1.0,5.0,,,,26172
2026-08-16,A&M-Corpus Christi Islanders,Tex. A&M Int'l,Home,Win,4,0,,1,990:00,4.0,5.0,13.0,21.0,10.0,8,,,7.0,,,1.0,990:00,,,,3.0,1.0,6,,1.0,1.0,,,,26172
2026-08-15,Abilene Christian Wildcats,Jackson St.,Home,Win,3,1,,1,921:00,3.0,2.0,8.0,14.0,9.0,15,,1.0,2.0,1.0,1.0,1.0,984:00,1.0,,2.0,12.0,5.0,11,2.0,4.0,3.0,,,,2
2026-08-13,Air Force Falcons,Army West Point,Home,Win,4,1,,1,990:00,4.0,1.0,9.0,20.0,8.0,11,,1.0,9.0,,,1.0,990:00,1.0,,2.0,8.0,3.0,6,,1.0,3.0,,,,721
2026-08-16,Air Force Falcons,Creighton,Home,Win,3,1,,1,990:00,3.0,2.0,8.0,8.0,6.0,15,,2.0,4.0,,,1.0,990:00,1.0,1.0,3.0,21.0,9.0,6,,2.0,10.0,,,,721
2026-08-16,Akron Zips,Oakland,Home,Win,3,0,,1,984:02,3.0,4.0,10.0,20.0,13.0,3,,1.0,6.0,,,1.0,990:00,,,,6.0,4.0,6,,1.0,5.0,,,,5
2026-08-12,Alabama Crimson Tide,Saint Louis,Away,Win,2,1,,1,990:00,2.0,1.0,5.0,11.0,5.0,13,,1.0,5.0,1.0,1.0,1.0,990:00,1.0,,2.0,9.0,2.0,19,,1.0,7.0,1.0,1.0,,8
2026-08-15,Alabama Crimson Tide,Memphis,Away,Win,2,1,,1,990:00,2.0,1.0,5.0,9.0,4.0,9,,,3.0,1.0,1.0,1.0,990:00,1.0,1.0,3.0,12.0,3.0,14,,1.0,7.0,,,,8
2026-08-12,Alabama A&M Bulldogs,SIUE,Home,Loss,1,2,,1,986:35,1.0,1.0,3.0,10.0,4.0,8,,,6.0,,,,990:00,2.0,1.0,5.0,13.0,9.0,12,,,,1.0,1.0,1.0,6
2026-08-13,Alabama St. Lady Hornets,Southern Miss.,Home,Loss,0,4,,1,990:00,,,,7.0,2.0,9,,1.0,,,,,990:00,4.0,2.0,10.0,16.0,7.0,7,,3.0,5.0,,,1.0,7
2026-08-16,Alabama St. Lady Hornets,Presbyterian,Home,Loss,1,3,,1,990:00,1.0,1.0,3.0,7.0,3.0,7,,,5.0,,,,990:00,3.0,1.0,7.0,13.0,8.0,6,,,5.0,,,1.0,7
2026-08-13,Alcorn Lady Braves,McNeese,Home,Loss,1,2,,1,990:00,1.0,1.0,3.0,11.0,4.0,11,,,7.0,,,,990:00,2.0,2.0,6.0,5.0,2.0,12,,1.0,,,,1.0,17
2026-08-16,Alcorn Lady Braves,ULM,Away,Loss,1,6,,1,990:00,1.0,,2.0,7.0,6.0,9,,1.0,2.0,,,,990:00,6.0,4.0,16.0,17.0,12.0,9,,,2.0,,,1.0,17
2026-08-13,American Eagles,La Salle,Away,Loss,1,2,,1,990:00,1.0,,2.0,7.0,1.0,13,,1.0,3.0,1.0,1.0,,990:00,2.0,3.0,7.0,21.0,9.0,12,,1.0,12.0,,,1.0,23
2026-08-16,American Eagles,UMBC,Away,Loss,1,2,,1,990:00,1.0,,2.0,14.0,6.0,7,,1.0,4.0,1.0,1.0,,990:00,2.0,2.0,6.0,18.0,8.0,11,,1.0,7.0,,,1.0,23
2026-08-13,App State Mountaineers,UNCW,Home,Loss,0,3,,1,990:00,,,,8.0,3.0,8,,2.0,4.0,,1.0,,990:00,3.0,3.0,9.0,10.0,6.0,10,,,3.0,1.0,1.0,1.0,27
2026-08-16,App State Mountaineers,Campbell,Away,Win,3,1,,1,990:00,3.0,4.0,10.0,16.0,6.0,15,,,5.0,,,1.0,990:00,1.0,2.0,4.0,14.0,7.0,11,,1.0,4.0,,,,27
2026-08-12,Arizona Wildcats,Grand Canyon,Away,Loss,0,2,,1,990:00,,,,9.0,2.0,12,,3.0,7.0,,,,990:00,2.0,1.0,5.0,10.0,3.0,11,,1.0,1.0,,,1.0,29
2026-08-15,Arizona Wildcats,New Mexico St.,Home,Win,2,0,,1,990:00,2.0,1.0,5.0,19.0,10.0,5,,,4.0,,,1.0,990:00,,,,3.0,1.0,8,,2.0,,,,,29
2026-08-12,Arizona St. Sun Devils,New Mexico St.,Away,Win,3,1,,1,990:00,3.0,2.0,8.0,13.0,5.0,8,,1.0,8.0,1.0,1.0,1.0,990:00,1.0,1.0,3.0,3.0,3.0,16,,3.0,2.0,,,,28
2026-08-15,Ark.-Pine Bluff Lady Lions,Nicholls,Home,Loss,0,11,,1,990:00,,,,2.0,1.0,3,,,1.0,,,,990:00,11.0,6.0,28.0,34.0,20.0,6,,,6.0,,,1.0,2678
2026-08-12,Arkansas Razorbacks,Baylor,Home,Loss,1,4,,1,989:41,1.0,1.0,3.0,7.0,3.0,18,,,2.0,,,,990:00,4.0,3.0,11.0,15.0,10.0,10,,,3.0,1.0,1.0,1.0,31
2026-08-16,Arkansas Razorbacks,Loyola Maryland,Away,Draw,1,1,,1,990:00,1.0,,2.0,16.0,6.0,7,,1.0,8.0,1.0,1.0,,990:00,1.0,,2.0,3.0,1.0,14,,1.0,6.0,,,,31
2026-08-12,Arkansas St. Red Wolves,Lipscomb,Away,Loss,0,1,,1,990:00,,,,8.0,2.0,6,,,6.0,,,,990:00,1.0,2.0,4.0,14.0,4.0,9,,,3.0,,,1.0,30
2026-08-16,Arkansas St. Red Wolves,Little Rock,Home,Loss,1,2,,1,990:00,1.0,1.0,3.0,19.0,12.0,14,,1.0,6.0,,,,969:09,2.0,2.0,6.0,15.0,5.0,8,,2.0,6.0,,,1.0,30
2026-08-13,Army West Point Black Knights,Air Force,Away,Loss,1,4,,1,990:00,1.0,,2.0,8.0,3.0,6,,1.0,3.0,,,,990:00,4.0,1.0,9.0,20.0,8.0,11,,1.0,9.0,,,1.0,725
2026-08-16,Army West Point Black Knights,Colorado,Away,Loss,0,6,,1,990:14,,,,,,8,,1.0,,,,,990:00,6.0,2.0,14.0,21.0,15.0,10,,,8.0,,,1.0,725
2026-08-12,Auburn Tigers,Clemson,Home,Draw,0,0,,1,990:00,,,,8.0,4.0,10,,1.0,4.0,,,,990:00,,,,6.0,2.0,10,,,6.0,,,,37
2026-08-16,Auburn Tigers,Jacksonville St.,Home,Win,5,0,,1,990:00,5.0,5.0,15.0,23.0,11.0,14,,,9.0,,,1.0,990:00,,,,4.0,1.0,6,,,,,,,37
2026-08-12,Austin Peay Governors,Northern Ky.,Home,Loss,1,4,,1,990:00,1.0,,2.0,9.0,5.0,10,,,2.0,,,,990:00,4.0,4.0,12.0,18.0,8.0,9,,1.0,8.0,,1.0,1.0,43
2026-08-16,Austin Peay Governors,Tennessee Tech,Home,Loss,0,1,,1,990:00,,,,8.0,2.0,10,,,1.0,,,,990:00,1.0,,2.0,11.0,6.0,7,,2.0,4.0,,,1.0,43
2026-08-12,BYU Cougars,UCLA,Away,Win,2,1,,1,990:00,2.0,,4.0,14.0,7.0,13,,2.0,4.0,,,1.0,990:00,1.0,2.0,4.0,10.0,3.0,18,,2.0,2.0,,,,77
2026-08-13,Ball St. Cardinals,IU Indy,Home,Win,2,0,,1,990:00,2.0,2.0,6.0,13.0,7.0,14,,1.0,10.0,,,1.0,990:00,,,,6.0,2.0,5,,,2.0,,,,47
2026-08-12,Baylor Bears,Arkansas,Away,Win,4,1,,1,990:00,4.0,3.0,11.0,15.0,10.0,10,,,3.0,1.0,1.0,1.0,989:41,1.0,1.0,3.0,7.0,3.0,18,,,2.0,,,,51
2026-08-16,Baylor Bears,Texas A&M,Home,Win,2,1,,1,990:00,2.0,4.0,8.0,19.0,7.0,12,,2.0,3.0,,,1.0,990:00,1.0,1.0,3.0,7.0,2.0,8,,,2.0,,,,51
2026-08-13,Bellarmine Knights,Lindenwood,Away,Loss,0,1,,1,990:00,,,,4.0,3.0,8,,,4.0,,,,990:00,1.0,1.0,3.0,21.0,9.0,3,,,11.0,,,1.0,52
2026-08-12,Belmont Bruins,Tennessee Tech,Home,Draw,0,0,,1,990:00,,,,12.0,5.0,5,,,6.0,,,,990:00,,,,1.0,1.0,7,,,1.0,,,,14927
2026-08-16,Belmont Bruins,Samford,Away,Loss,0,2,,1,990:00,,,,7.0,3.0,8,,,2.0,,,,986:54,2.0,3.0,7.0,24.0,12.0,6,,1.0,8.0,,,1.0,14927
2026-08-13,Binghamton Bearcats,Lehigh,Home,Win,3,0,,1,990:00,3.0,2.0,8.0,16.0,4.0,8,,,4.0,,,1.0,990:00,,,,3.0,,3,,,1.0,,,,62
2026-08-16,Binghamton Bearcats,Marist,Home,Win,2,0,,1,990:00,2.0,2.0,6.0,8.0,2.0,11,,1.0,6.0,,,1.0,990:00,,,,5.0,1.0,7,,,3.0,,,,62
2026-08-12,Boise St. Broncos,CSUN,Home,Win,3,0,,1,990:00,3.0,3.0,9.0,19.0,9.0,9,,,10.0,,,1.0,990:00,,,,3.0,1.0,3,,,2.0,,,,66
2026-08-16,Boise St. Broncos,Weber St.,Away,Win,4,1,,1,990:00,4.0,4.0,12.0,14.0,12.0,14,,1.0,5.0,,,1.0,990:00,1.0,1.0,3.0,9.0,4.0,2,,2.0,3.0,,,,66
2026-08-12,Boston College Eagles,Siena,Home,Win,7,1,,1,990:00,7.0,6.0,20.0,26.0,16.0,9,,,10.0,1.0,1.0,1.0,990:00,1.0,1.0,3.0,10.0,4.0,5,,,5.0,,,,67
2026-08-17,Boston College Eagles,St. John's (NY),Home,Win,2,1,,1,990:00,2.0,3.0,7.0,12.0,6.0,12,,,7.0,,,1.0,990:00,1.0,2.0,4.0,6.0,3.0,4,,,3.0,,,,67
2026-08-13,Boston U. Terriers,Northeastern,Home,Loss,0,1,,1,990:00,,,,11.0,9.0,6,,1.0,3.0,,,,990:00,1.0,1.0,3.0,7.0,3.0,15,,2.0,3.0,,,1.0,68
2026-08-16,Boston U. Terriers,UAlbany,Away,Win,5,1,,1,990:00,5.0,3.0,13.0,17.0,10.0,9,,,4.0,,,1.0,990:00,1.0,1.0,3.0,5.0,2.0,6,,,,,,,68
2026-08-16,Bowling Green Falcons,Robert Morris,Home,Win,2,0,,1,990:00,2.0,2.0,6.0,15.0,7.0,9,,,5.0,,,1.0,990:00,,,,6.0,3.0,4,,,5.0,,,,71
2026-08-16,Bryant Bulldogs,Stonehill,Home,Draw,0,0,,1,990:00,,,,8.0,3.0,10,,,3.0,,,,990:00,,,,6.0,2.0,6,,,3.0,,,,81
2026-08-13,Bucknell Bison,Montana,Away,Win,1,0,,1,990:00,1.0,1.0,3.0,14.0,3.0,8,,,5.0,,,1.0,990:00,,,,5.0,2.0,5,,,2.0,,,,83
2026-08-16,Bucknell Bison,Eastern Wash.,Away,Loss,0,1,,1,990:00,,,,21.0,9.0,16,,1.0,7.0,,,,990:00,1.0,,2.0,11.0,2.0,7,,1.0,1.0,,,1.0,83
2026-08-12,Buffalo Bulls,Niagara,Home,Win,2,0,,1,990:00,2.0,3.0,7.0,15.0,6.0,6,,1.0,2.0,,,1.0,990:00,,,,5.0,1.0,7,,1.0,2.0,,,,86
2026-08-16,Buffalo Bulls,Mercyhurst,Away,Win,2,0,,1,990:00,2.0,4.0,8.0,20.0,11.0,10,,,6.0,,,1.0,990:00,,,,3.0,2.0,10,,2.0,1.0,,,,86
2026-08-16,Butler Bulldogs,Wright St.,Away,Loss,1,2,,1,990:00,1.0,,2.0,20.0,12.0,8,,,4.0,1.0,1.0,,990:00,2.0,2.0,6.0,7.0,4.0,4,,1.0,3.0,,,1.0,87
2026-08-13,CSU Bakersfield Roadrunners,San Francisco,Away,Loss,0,4,,1,990:00,,,,7.0,3.0,13,,1.0,3.0,,,,990:00,4.0,3.0,11.0,13.0,9.0,10,,1.0,4.0,2.0,2.0,1.0,94
2026-08-12,CSUN Matadors,Boise St.,Away,Loss,0,3,,1,990:00,,,,3.0,1.0,3,,,2.0,,,,990:00,3.0,3.0,9.0,19.0,9.0,9,,,10.0,,,1.0,101
2026-08-15,CSUN Matadors,Idaho,Away,Loss,0,1,,1,972:08,,,,8.0,2.0,8,,2.0,2.0,,,,990:00,1.0,1.0,3.0,17.0,13.0,10,,,7.0,,,1.0,101
2026-08-12,Cal Poly Mustangs,UNLV,Home,Win,1,0,,1,983:38,1.0,,2.0,11.0,4.0,14,1.0,,9.0,1.0,1.0,1.0,983:38,,,,6.0,2.0,10,1.0,1.0,3.0,,,,90
2026-08-16,Cal Poly Mustangs,Stanford,Home,Loss,0,1,,1,990:00,,,,4.0,2.0,2,,,1.0,,,,990:00,1.0,,2.0,17.0,5.0,7,,,4.0,,,1.0,90
2026-08-12,Cal St. Fullerton Titans,San Diego,Away,Draw,0,0,,1,990:00,,,,11.0,4.0,13,,2.0,5.0,,1.0,,990:00,,,,9.0,1.0,10,,1.0,3.0,,,,97
2026-08-12,California Golden Bears,California Baptist,Home,Draw,0,0,,1,990:00,,,,6.0,4.0,7,,,8.0,,,,990:00,,,,3.0,2.0,12,,3.0,2.0,,1.0,,107
2026-08-16,California Golden Bears,Santa Clara,Away,Draw,1,1,,1,990:00,1.0,,2.0,8.0,6.0,14,,1.0,2.0,,,,990:00,1.0,,2.0,13.0,4.0,9,,1.0,5.0,1.0,1.0,,107
2026-08-12,California Baptist Lancers,California,Away,Draw,0,0,,1,990:00,,,,3.0,2.0,12,,3.0,2.0,,1.0,,990:00,,,,6.0,4.0,7,,,8.0,,,,30135
2026-08-13,Campbell Camels,Longwood,Away,Win,2,0,,1,990:00,2.0,1.0,5.0,13.0,10.0,8,,2.0,8.0,,,1.0,990:00,,,,9.0,6.0,8,,,5.0,,,,115
2026-08-16,Campbell Camels,App State,Home,Loss,1,3,,1,990:00,1.0,2.0,4.0,14.0,7.0,11,,1.0,4.0,,,,990:00,3.0,4.0,10.0,16.0,6.0,15,,,5.0,,,1.0,115
2026-08-13,Canisius Golden Griffins,Le Moyne,Home,Win,2,0,,1,990:00,2.0,1.0,5.0,14.0,6.0,9,,,3.0,,,1.0,990:00,,,,6.0,3.0,8,,,3.0,,,,116
2026-08-12,Central Ark. Bears,Oral Roberts,Home,Loss,1,4,,1,987:34,1.0,1.0,3.0,4.0,1.0,8,,1.0,2.0,,,,990:00,4.0,3.0,11.0,16.0,11.0,9,,1.0,1.0,,,1.0,1004
2026-08-16,Central Ark. Bears,Tulsa,Away,Loss,1,2,,1,990:00,1.0,1.0,3.0,5.0,4.0,5,,2.0,2.0,,,,990:00,2.0,2.0,6.0,18.0,6.0,9,,2.0,12.0,,,1.0,1004
2026-08-12,Central Conn. St. Blue Devils,Sacred Heart,Away,Loss,1,4,,1,990:00,1.0,1.0,3.0,9.0,3.0,15,,1.0,3.0,,,,990:00,4.0,3.0,11.0,21.0,13.0,4,,1.0,4.0,1.0,1.0,1.0,127
2026-08-16,Central Conn. St. Blue Devils,Lafayette,Home,Win,2,0,,1,990:00,2.0,2.0,6.0,11.0,6.0,12,,,2.0,,,1.0,990:00,,,,15.0,7.0,14,,,6.0,,,,127
2026-08-12,Central Mich. Chippewas,Loyola Chicago,Away,Loss,0,1,,1,990:00,,,,8.0,3.0,11,,2.0,4.0,,,,990:00,1.0,,2.0,10.0,5.0,5,,,2.0,,,1.0,129
2026-08-13,Charleston So. Buccaneers,Coastal Carolina,Away,Loss,0,3,,1,990:00,,,,7.0,2.0,3,,,9.0,,,,990:00,3.0,3.0,9.0,16.0,6.0,4,,,3.0,,,1.0,48
2026-08-13,Charlotte 49ers,Furman,Home,Win,2,1,,1,990:00,2.0,,4.0,14.0,6.0,19,,3.0,5.0,1.0,1.0,1.0,990:00,1.0,1.0,3.0,11.0,5.0,12,,3.0,5.0,,,,458
2026-08-16,Charlotte 49ers,Radford,Away,Win,2,0,,1,990:00,2.0,3.0,7.0,25.0,12.0,9,,1.0,4.0,,,1.0,990:00,,,,5.0,3.0,10,,,3.0,,,,458
2026-08-12,Chattanooga Mocs,UT Martin,Home,Draw,1,1,,1,990:00,1.0,,2.0,13.0,6.0,9,,,3.0,,1.0,,990:00,1.0,,2.0,2.0,1.0,11,,3.0,3.0,1.0,1.0,,693
2026-08-16,Chattanooga Mocs,Winthrop,Away,Win,5,0,,1,990:00,5.0,2.0,12.0,14.0,7.0,4,,,8.0,,,1.0,990:00,,,,5.0,1.0,1,,,2.0,,,,693
2026-08-16,Chicago St. Cougars,UT Martin,Home,Loss,0,4,,1,990:00,,,,2.0,2.0,9,,,3.0,,,,990:00,4.0,6.0,14.0,28.0,12.0,10,,,9.0,,,1.0,136
2026-08-12,Cincinnati Bearcats,Eastern Ky.,Home,Win,3,0,,1,990:00,3.0,2.0,8.0,15.0,9.0,12,,3.0,6.0,,,1.0,990:00,,,,3.0,1.0,9,,1.0,2.0,,,,140
2026-08-12,Clemson Tigers,Auburn,Away,Draw,0,0,,1,990:00,,,,6.0,2.0,10,,,6.0,,,,990:00,,,,8.0,4.0,10,,1.0,4.0,,,,147
2026-08-16,Clemson Tigers,Ohio St.,Home,Draw,0,0,,1,961:30,,,,9.0,5.0,10,1.0,2.0,6.0,,,,990:00,,,,10.0,4.0,8,,,2.0,,,,147
2026-08-13,Cleveland St. Vikings,Kent St.,Away,Loss,0,3,,1,990:00,,,,10.0,6.0,11,,,3.0,,,,954:22,3.0,4.0,10.0,14.0,6.0,10,,2.0,11.0,,,1.0,148
2026-08-16,Cleveland St. Vikings,Eastern Ky.,Away,Loss,0,5,,1,990:00,,,,8.0,2.0,20,,,4.0,,,,990:00,5.0,5.0,15.0,14.0,8.0,13,,,2.0,1.0,1.0,1.0,148
2026-08-13,Coastal Carolina Chanticleers,Charleston So.,Home,Win,3,0,,1,990:00,3.0,3.0,9.0,16.0,6.0,4,,,3.0,,,1.0,990:00,,,,7.0,2.0,3,,,9.0,,,,149
2026-08-12,Col. of Charleston Cougars,Southern Utah,Home,Win,3,1,,1,990:00,3.0,1.0,7.0,14.0,5.0,13,,1.0,6.0,1.0,1.0,1.0,990:00,1.0,1.0,3.0,5.0,3.0,7,,1.0,2.0,,,,1014
2026-08-16,Col. of Charleston Cougars,USC Upstate,Home,Draw,1,1,,1,990:00,1.0,,2.0,12.0,5.0,7,,3.0,7.0,,,,990:00,1.0,1.0,3.0,13.0,5.0,12,,2.0,7.0,,,,1014
2026-08-13,Colgate Raiders,Pepperdine,Away,Loss,1,3,,1,990:00,1.0,1.0,3.0,4.0,2.0,4,,,,,,,990:00,3.0,3.0,9.0,14.0,8.0,5,,,3.0,,,1.0,153
2026-08-16,Colgate Raiders,Long Beach St.,Away,Loss,0,1,,1,990:00,,,,10.0,3.0,10,,1.0,1.0,,,,990:00,1.0,1.0,3.0,19.0,10.0,16,,1.0,3.0,,,1.0,153
2026-08-12,Colorado Buffaloes,Colorado St.,Home,Win,2,1,,1,990:00,2.0,2.0,6.0,21.0,9.0,6,,1.0,8.0,,,1.0,990:00,1.0,1.0,3.0,10.0,5.0,8,,,2.0,,,,157
2026-08-16,Colorado Buffaloes,Army West Point,Home,Win,6,0,,1,990:00,6.0,2.0,14.0,21.0,15.0,10,,,8.0,,,1.0,990:14,,,,,,8,,1.0,,,,,157
2026-08-12,Colorado Col. Tigers,Creighton,Home,Win,3,1,,1,990:00,3.0,3.0,9.0,12.0,8.0,10,,,4.0,,,1.0,990:00,1.0,2.0,4.0,8.0,5.0,14,,,5.0,,,,154
2026-08-16,Colorado Col. Tigers,Drake,Home,Win,1,0,,1,990:00,1.0,,2.0,7.0,5.0,8,,,4.0,1.0,1.0,1.0,990:00,,,,8.0,2.0,10,,,2.0,,,,154
2026-08-12,Colorado St. Rams,Colorado,Away,Loss,1,2,,1,990:00,1.0,1.0,3.0,10.0,5.0,8,,,2.0,,,,990:00,2.0,2.0,6.0,21.0,9.0,6,,1.0,8.0,,,1.0,156
2026-08-16,Colorado St. Rams,Denver,Home,Win,1,0,,1,990:00,1.0,1.0,3.0,19.0,6.0,7,,1.0,8.0,,,1.0,966:28,,,,11.0,2.0,8,1.0,1.0,3.0,,,,156
2026-08-12,Creighton Bluejays,Colorado Col.,Away,Loss,1,3,,1,990:00,1.0,2.0,4.0,8.0,5.0,14,,,5.0,,,,990:00,3.0,3.0,9.0,12.0,8.0,10,,,4.0,,,1.0,169
2026-08-16,Creighton Bluejays,Air Force,Away,Loss,1,3,,1,990:00,1.0,1.0,3.0,21.0,9.0,6,,2.0,10.0,,,,990:00,3.0,2.0,8.0,8.0,6.0,15,,2.0,4.0,,,1.0,169
2026-08-16,Davidson Wildcats,High Point,Away,Win,1,0,,1,990:00,1.0,1.0,3.0,5.0,2.0,6,,1.0,2.0,,,1.0,990:00,,,,9.0,6.0,11,,,5.0,,,,173
2026-08-13,Dayton Flyers,West Virginia,Away,Loss,0,2,,1,990:00,,,,5.0,1.0,10,,1.0,1.0,,,,990:00,2.0,1.0,5.0,11.0,2.0,9,,,3.0,,,1.0,175
2026-08-16,Dayton Flyers,Toledo,Home,Win,2,1,,1,990:00,2.0,2.0,6.0,34.0,9.0,7,,,11.0,,,1.0,990:00,1.0,1.0,3.0,10.0,5.0,9,,1.0,4.0,,,,175
2026-08-16,DePaul Blue Demons,NIU,Home,Draw,2,2,,1,990:00,2.0,2.0,6.0,16.0,7.0,10,,,9.0,,,,990:00,2.0,2.0,6.0,6.0,3.0,2,,1.0,1.0,,,,176
2026-08-15,Delaware Blue Hens,George Washington,Home,Win,3,2,,1,990:00,3.0,3.0,9.0,26.0,7.0,3,,,8.0,,,1.0,990:00,2.0,2.0,6.0,17.0,9.0,8,,,8.0,,,,180
2026-08-16,Denver Pioneers,Colorado St.,Away,Loss,0,1,,1,966:28,,,,11.0,2.0,8,1.0,1.0,3.0,,,,990:00,1.0,1.0,3.0,19.0,6.0,7,,1.0,8.0,,,1.0,183
2026-08-12,Detroit Mercy Titans,Kentucky,Away,Loss,0,6,,1,990:00,,,,3.0,1.0,6,,2.0,1.0,,,,990:00,6.0,3.0,15.0,31.0,13.0,8,,1.0,15.0,2.0,2.0,1.0,184
2026-08-16,Detroit Mercy Titans,Eastern Mich.,Home,Win,1,0,,1,990:00,1.0,,2.0,7.0,1.0,12,,1.0,4.0,,,1.0,990:00,,,,20.0,7.0,10,,,2.0,,,,184
2026-08-13,Drake Bulldogs,Wyoming,Away,Loss,0,1,,1,937:05,,,,4.0,2.0,8,1.0,3.0,3.0,,,,990:00,1.0,2.0,4.0,19.0,5.0,14,,2.0,6.0,,,1.0,189
2026-08-16,Drake Bulldogs,Colorado Col.,Away,Loss,0,1,,1,990:00,,,,8.0,2.0,10,,,2.0,,,,990:00,1.0,,2.0,7.0,5.0,8,,,4.0,1.0,1.0,1.0,189
2026-08-12,Drexel Dragons,Saint Joseph's,Away,Loss,2,3,,1,990:00,2.0,3.0,7.0,12.0,8.0,12,,2.0,5.0,,,,974:02,3.0,3.0,9.0,13.0,10.0,5,,,3.0,,,1.0,191
2026-08-12,Duke Blue Devils,Southern California,Away,Win,3,1,,1,990:00,3.0,5.0,11.0,13.0,6.0,3,,1.0,8.0,,,1.0,990:00,1.0,2.0,4.0,5.0,1.0,4,,,4.0,,,,193
2026-08-16,Duke Blue Devils,UCLA,Away,Draw,1,1,,1,972:01,1.0,,2.0,2.0,1.0,12,1.0,,5.0,,,,990:00,1.0,,2.0,6.0,4.0,11,,,6.0,1.0,1.0,,193
2026-08-12,Duquesne Dukes,Eastern Mich.,Away,Loss,1,3,,1,990:00,1.0,,2.0,9.0,5.0,11,,,6.0,1.0,1.0,,990:00,3.0,3.0,9.0,14.0,7.0,8,,2.0,7.0,,,1.0,194
2026-08-16,ETSU Buccaneers (Bucs),Vanderbilt,Away,Loss,0,4,,1,990:00,,,,1.0,1.0,13,,1.0,,,,,990:00,4.0,4.0,12.0,19.0,12.0,8,,1.0,9.0,,,1.0,198
2026-08-13,East Carolina Pirates,Liberty,Away,Loss,0,2,,1,990:00,,,,5.0,2.0,8,,1.0,1.0,,,,990:00,2.0,1.0,5.0,20.0,11.0,11,,,3.0,,,1.0,196
2026-08-16,East Carolina Pirates,UNC Greensboro,Away,Draw,2,2,,1,990:00,2.0,2.0,6.0,7.0,4.0,14,,1.0,1.0,,,,990:00,2.0,2.0,6.0,11.0,6.0,21,,,,,,,196
2026-08-13,East Texas A&M Lions,Grambling,Away,Win,1,0,,1,990:00,1.0,,2.0,6.0,3.0,16,,1.0,4.0,,,1.0,990:00,,,,7.0,2.0,13,,1.0,5.0,,,,199
2026-08-16,East Texas A&M Lions,Oklahoma,Home,Loss,0,2,,1,990:00,,,,5.0,1.0,7,,,2.0,,,,990:00,2.0,2.0,6.0,26.0,11.0,7,,,9.0,,,1.0,199
2026-08-13,Eastern Ill. Panthers,Valparaiso,Home,Win,2,0,,1,990:00,2.0,1.0,5.0,9.0,3.0,5,,,3.0,,,1.0,990:00,,,,8.0,6.0,6,,,7.0,,,,201
2026-08-16,Eastern Ill. Panthers,UIC,Away,Draw,0,0,,1,990:00,,,,6.0,2.0,9,,,,,,,990:00,,,,16.0,6.0,11,,,3.0,,,,201
2026-08-12,Eastern Ky. Colonels,Cincinnati,Away,Loss,0,3,,1,990:00,,,,3.0,1.0,9,,1.0,2.0,,,,990:00,3.0,2.0,8.0,15.0,9.0,12,,3.0,6.0,,,1.0,202
2026-08-16,Eastern Ky. Colonels,Cleveland St.,Home,Win,5,0,,1,990:00,5.0,5.0,15.0,14.0,8.0,13,,,2.0,1.0,1.0,1.0,990:00,,,,8.0,2.0,20,,,4.0,,,,202
2026-08-12,Eastern Mich. Eagles,Duquesne,Home,Win,3,1,,1,990:00,3.0,3.0,9.0,14.0,7.0,8,,2.0,7.0,,,1.0,990:00,1.0,,2.0,9.0,5.0,11,,,6.0,1.0,1.0,,204
2026-08-16,Eastern Mich. Eagles,Detroit Mercy,Away,Loss,0,1,,1,990:00,,,,20.0,7.0,10,,,2.0,,,,990:00,1.0,,2.0,7.0,1.0,12,,1.0,4.0,,,1.0,204
2026-08-12,Eastern Wash. Eagles,Mt. Royal (CAN),Home,Win,2,0,,1,990:00,2.0,1.0,5.0,11.0,6.0,11,,,5.0,,,1.0,990:00,,,,16.0,7.0,4,,1.0,1.0,,,,207
2026-08-16,Eastern Wash. Eagles,Bucknell,Home,Win,1,0,,1,990:00,1.0,,2.0,11.0,2.0,7,,1.0,1.0,,,1.0,990:00,,,,21.0,9.0,16,,1.0,7.0,,,,207
2026-08-13,Elon Phoenix,VCU,Home,Win,4,1,,1,990:00,4.0,2.0,10.0,24.0,9.0,8,,1.0,7.0,1.0,1.0,1.0,990:00,1.0,,2.0,7.0,3.0,11,,1.0,4.0,,,,1068
2026-08-13,Evansville Purple Aces,Purdue,Away,Draw,1,1,,1,990:00,1.0,1.0,3.0,2.0,1.0,9,,2.0,1.0,,,,990:00,1.0,,2.0,31.0,10.0,9,,2.0,12.0,,,,219
2026-08-16,FDU Knights,Seton Hall,Away,Loss,1,2,,1,990:00,1.0,1.0,3.0,6.0,3.0,11,,4.0,4.0,,,,990:00,2.0,2.0,6.0,10.0,3.0,16,,3.0,3.0,1.0,1.0,1.0,222
2026-08-12,FGCU Eagles,Houston,Home,Draw,0,0,,1,990:00,,,,9.0,3.0,8,,2.0,7.0,,,,990:00,,,,13.0,4.0,6,,1.0,4.0,,,,28755
2026-08-16,FGCU Eagles,Ga. Southern,Away,Loss,0,2,,1,990:00,,,,17.0,5.0,7,,,4.0,,,,990:00,2.0,3.0,7.0,15.0,7.0,8,,,7.0,,,1.0,28755
2026-08-12,FIU Panthers,Fla. Atlantic,Away,Draw,1,1,,1,990:00,1.0,1.0,3.0,7.0,4.0,12,,1.0,1.0,,,,990:00,1.0,1.0,3.0,4.0,2.0,7,,,2.0,,1.0,,231
2026-08-16,FIU Panthers,Florida St.,Home,Loss,0,2,,1,990:00,,,,10.0,3.0,19,,1.0,,,,,990:00,2.0,1.0,5.0,12.0,8.0,14,,1.0,3.0,,,1.0,231
2026-08-13,Fairfield Stags,North Carolina,Away,Loss,0,4,,1,990:00,,,,3.0,1.0,10,,,,,,,990:00,4.0,3.0,11.0,24.0,12.0,8,,1.0,7.0,,,1.0,220
2026-08-16,Fairfield Stags,UMass Lowell,Away,Win,3,2,,1,1016:07,3.0,3.0,9.0,27.0,10.0,2,,1.0,9.0,,,1.0,990:00,2.0,2.0,6.0,9.0,5.0,8,,,2.0,,,,220
2026-08-12,Fla. Atlantic Owls,FIU,Home,Draw,1,1,,1,990:00,1.0,1.0,3.0,4.0,2.0,7,,,2.0,,1.0,,990:00,1.0,1.0,3.0,7.0,4.0,12,,1.0,1.0,,,,229
2026-08-16,Fla. Atlantic Owls,Miami (FL),Home,Loss,0,3,,1,990:00,,,,10.0,3.0,7,,,3.0,,,,990:00,3.0,2.0,8.0,14.0,10.0,15,,2.0,2.0,,,1.0,229
2026-08-13,Florida Gators,UCF,Away,Loss,3,4,,1,990:00,3.0,,6.0,24.0,9.0,9,,,9.0,1.0,1.0,,990:00,4.0,4.0,12.0,11.0,5.0,9,,,5.0,1.0,1.0,1.0,235
2026-08-13,Florida St. Seminoles,Stetson,Away,Win,4,0,,1,990:00,4.0,3.0,11.0,18.0,13.0,7,,,2.0,1.0,1.0,1.0,990:00,,,,2.0,2.0,10,,,1.0,,,,234
2026-08-16,Florida St. Seminoles,FIU,Away,Win,2,0,,1,990:00,2.0,1.0,5.0,12.0,8.0,14,,1.0,3.0,,,1.0,990:00,,,,10.0,3.0,19,,1.0,,,,,234
2026-08-13,Fordham Rams,Georgetown,Away,Loss,1,4,,1,990:00,1.0,,2.0,4.0,1.0,6,,,2.0,,,,983:52,4.0,3.0,11.0,18.0,9.0,8,,,11.0,1.0,1.0,1.0,236
2026-08-16,Fordham Rams,Maryland,Away,Loss,0,1,,1,990:00,,,,9.0,4.0,5,,,4.0,,,,990:00,1.0,1.0,3.0,12.0,4.0,3,,1.0,3.0,,,1.0,236
2026-08-12,Fresno St. Bulldogs,UC Davis,Home,Loss,0,2,,1,990:00,,,,8.0,4.0,13,,1.0,3.0,,,,990:00,2.0,2.0,6.0,8.0,5.0,9,,,2.0,,,1.0,96
2026-08-16,Fresno St. Bulldogs,Saint Mary's (CA),Away,Loss,0,4,,1,990:00,,,,5.0,2.0,14,,,1.0,,,,990:00,4.0,6.0,14.0,17.0,10.0,13,,1.0,8.0,,,1.0,96
2026-08-13,Furman Paladins,Charlotte,Away,Loss,1,2,,1,990:00,1.0,1.0,3.0,11.0,5.0,12,,3.0,5.0,,,,990:00,2.0,,4.0,14.0,6.0,19,,3.0,5.0,1.0,1.0,1.0,244
2026-08-12,Ga. Southern Eagles,North Florida,Home,Win,2,1,,1,990:00,2.0,2.0,6.0,21.0,6.0,13,,1.0,4.0,,,1.0,990:00,1.0,1.0,3.0,6.0,3.0,8,,2.0,3.0,,,,253
2026-08-16,Ga. Southern Eagles,FGCU,Home,Win,2,0,,1,990:00,2.0,3.0,7.0,15.0,7.0,8,,,7.0,,,1.0,990:00,,,,17.0,5.0,7,,,4.0,,,,253
2026-08-16,Gardner-Webb Runnin' Bulldogs,Queens (NC),Home,Win,2,0,,1,990:00,2.0,2.0,6.0,17.0,9.0,7,,,4.0,,,1.0,990:00,,,,4.0,1.0,6,,1.0,1.0,,,,1092
2026-08-13,George Mason Patriots,VMI,Home,Win,4,1,,1,990:00,4.0,3.0,11.0,17.0,12.0,11,,,6.0,,,1.0,990:00,1.0,1.0,3.0,3.0,2.0,8,,1.0,1.0,,,,248
2026-08-16,George Mason Patriots,James Madison,Away,Loss,1,2,,1,990:00,1.0,,2.0,9.0,7.0,6,,,6.0,1.0,1.0,,990:00,2.0,2.0,6.0,11.0,7.0,15,,,3.0,,,1.0,248
2026-08-12,George Washington Revolutionaries,Temple,Home,Win,4,0,,1,990:00,4.0,4.0,12.0,12.0,7.0,10,,2.0,9.0,,,1.0,990:00,,,,9.0,5.0,12,,,2.0,,,,249
2026-08-15,George Washington Revolutionaries,Delaware,Away,Loss,2,3,,1,990:00,2.0,2.0,6.0,17.0,9.0,8,,,8.0,,,,990:00,3.0,3.0,9.0,26.0,7.0,3,,,8.0,,,1.0,249
2026-08-13,Georgetown Hoyas,Fordham,Home,Win,4,1,,1,983:52,4.0,3.0,11.0,18.0,9.0,8,,,11.0,1.0,1.0,1.0,990:00,1.0,,2.0,4.0,1.0,6,,,2.0,,,,251
2026-08-13,Georgia Bulldogs,Illinois,Away,Draw,0,0,,1,990:00,,,,10.0,4.0,15,,,6.0,,,,990:00,,,,9.0,3.0,8,,1.0,6.0,,,,257
2026-08-16,Georgia Bulldogs,Minnesota,Away,Draw,1,1,,1,990:00,1.0,,2.0,6.0,4.0,7,,1.0,1.0,1.0,1.0,,990:00,1.0,1.0,3.0,17.0,8.0,10,,,3.0,,,,257
2026-08-12,Georgia St. Panthers,UAB,Away,Loss,2,4,,1,990:00,2.0,1.0,5.0,12.0,6.0,7,,1.0,5.0,1.0,1.0,,990:00,4.0,3.0,11.0,18.0,5.0,7,,1.0,5.0,,,1.0,254
2026-08-16,Georgia St. Panthers,Truett-McConnell,Home,Win,7,0,,1,990:00,7.0,2.0,16.0,21.0,9.0,2,,,7.0,1.0,1.0,1.0,990:00,,,,3.0,,3,,,,,,,254
2026-08-12,Gonzaga Bulldogs,South Fla.,Home,Win,5,1,,1,990:00,5.0,4.0,14.0,13.0,10.0,13,,1.0,9.0,1.0,1.0,1.0,990:00,1.0,,2.0,11.0,8.0,13,,,1.0,,,,260
2026-08-16,Gonzaga Bulldogs,Oregon,Away,Loss,0,3,,1,939:00,,,,12.0,4.0,4,1.0,1.0,1.0,,,,990:00,3.0,1.0,7.0,13.0,7.0,13,,1.0,4.0,,,1.0,260
2026-08-13,Grambling Lady Tigers,East Texas A&M,Home,Loss,0,1,,1,990:00,,,,7.0,2.0,13,,1.0,5.0,,,,990:00,1.0,,2.0,6.0,3.0,16,,1.0,4.0,,,1.0,261
2026-08-12,Grand Canyon Lopes,Arizona,Home,Win,2,0,,1,990:00,2.0,1.0,5.0,10.0,3.0,11,,1.0,1.0,,,1.0,990:00,,,,9.0,2.0,12,,3.0,7.0,,,,1104
2026-08-13,Green Bay Phoenix,North Dakota St.,Away,Win,3,0,,1,990:00,3.0,1.0,7.0,11.0,9.0,9,,3.0,5.0,,,1.0,990:00,,,,3.0,1.0,8,,,1.0,,,,794
2026-08-16,Green Bay Phoenix,North Dakota,Away,Win,2,1,,1,990:00,2.0,,4.0,13.0,7.0,8,,1.0,6.0,,,1.0,990:00,1.0,,2.0,2.0,2.0,14,,4.0,,,,,794
2026-08-12,Hampton Lady Pirates,Indiana,Away,Loss,1,2,,1,990:00,1.0,2.0,4.0,3.0,1.0,3,,,1.0,,,,990:00,2.0,2.0,6.0,19.0,7.0,3,,,8.0,,,1.0,270
2026-08-15,Hampton Lady Pirates,Temple,Home,Loss,0,1,,1,990:00,,,,4.0,2.0,7,,1.0,2.0,,,,990:00,1.0,2.0,4.0,12.0,4.0,6,,1.0,7.0,,,1.0,270
2026-08-13,Hawaii Rainbow Wahine,Texas Tech,Home,Loss,0,1,,1,990:00,,,,9.0,3.0,12,,,6.0,,,,990:00,1.0,,2.0,7.0,5.0,12,,1.0,3.0,,,1.0,277
2026-08-15,Hawaii Rainbow Wahine,Kansas St.,Home,Loss,1,3,,1,990:00,1.0,1.0,3.0,7.0,3.0,9,,,,,,,990:00,3.0,2.0,8.0,16.0,6.0,2,,,9.0,,,1.0,277
2026-08-13,High Point Panthers,UNC Greensboro,Home,Loss,0,1,,1,990:00,,,,13.0,4.0,1,,,7.0,,,,990:00,1.0,1.0,3.0,17.0,6.0,3,,,6.0,,,1.0,19651
2026-08-16,High Point Panthers,Davidson,Home,Loss,0,1,,1,990:00,,,,9.0,6.0,11,,,5.0,,,,990:00,1.0,1.0,3.0,5.0,2.0,6,,1.0,2.0,,,1.0,19651
2026-08-15,Hofstra Pride,Saint Joseph's,Away,Loss,1,3,,1,990:00,1.0,1.0,3.0,12.0,6.0,12,,2.0,6.0,,,,990:00,3.0,3.0,9.0,9.0,5.0,10,,,1.0,,,1.0,283
2026-08-12,Holy Cross Crusaders,Quinnipiac,Home,Draw,2,2,,1,990:00,2.0,2.0,6.0,11.0,4.0,8,,,6.0,,,,990:00,2.0,1.0,5.0,9.0,4.0,9,,,7.0,,,,285
2026-08-16,Holy Cross Crusaders,Syracuse,Away,Loss,1,3,,1,990:00,1.0,,2.0,7.0,3.0,14,,2.0,5.0,1.0,1.0,,990:00,3.0,1.0,7.0,10.0,7.0,17,,,2.0,1.0,1.0,1.0,285
2026-08-12,Houston Cougars,FGCU,Away,Draw,0,0,,1,990:00,,,,13.0,4.0,6,,1.0,4.0,,,,990:00,,,,9.0,3.0,8,,2.0,7.0,,,,288
2026-08-12,Houston Christian Huskies,Texas,Away,Loss,0,3,,1,990:00,,,,3.0,,7,,,,,,,990:00,3.0,3.0,9.0,19.0,7.0,7,,,7.0,,,1.0,287
2026-08-16,Houston Christian Huskies,Texas Southern,Away,Win,1,0,,1,984:41,1.0,1.0,3.0,16.0,7.0,5,,,7.0,,,1.0,990:00,,,,8.0,4.0,2,,,1.0,,,,287
2026-08-13,IU Indy Jaguars,Ball St.,Away,Loss,0,2,,1,990:00,,,,6.0,2.0,5,,,2.0,,,,990:00,2.0,2.0,6.0,13.0,7.0,14,,1.0,10.0,,,1.0,2699
2026-08-16,IU Indy Jaguars,Louisville,Away,Loss,1,5,,1,990:00,1.0,2.0,4.0,4.0,1.0,5,,,1.0,,,,990:00,5.0,7.0,17.0,30.0,18.0,5,,,18.0,,,1.0,2699
2026-08-12,Idaho Vandals,Washington St.,Away,Win,3,0,,1,990:00,3.0,5.0,11.0,15.0,6.0,3,,1.0,4.0,,,1.0,990:00,,,,10.0,3.0,8,,,6.0,,,,295
2026-08-15,Idaho Vandals,CSUN,Home,Win,1,0,,1,990:00,1.0,1.0,3.0,17.0,13.0,10,,,7.0,,,1.0,972:08,,,,8.0,2.0,8,,2.0,2.0,,,,295
2026-08-13,Illinois Fighting Illini,Georgia,Home,Draw,0,0,,1,990:00,,,,9.0,3.0,8,,1.0,6.0,,,,990:00,,,,10.0,4.0,15,,,6.0,,,,301
2026-08-12,Illinois St. Redbirds,NIU,Home,Win,2,1,,1,990:00,2.0,2.0,6.0,18.0,8.0,10,,,10.0,,,1.0,990:00,1.0,1.0,3.0,7.0,5.0,9,,,1.0,,,,299
2026-08-12,Indiana Hoosiers,Hampton,Home,Win,2,1,,1,990:00,2.0,2.0,6.0,19.0,7.0,3,,,8.0,,,1.0,990:00,1.0,2.0,4.0,3.0,1.0,3,,,1.0,,,,306
2026-08-16,Indiana Hoosiers,Youngstown St.,Home,Win,3,1,,1,990:00,3.0,4.0,10.0,18.0,10.0,11,,,15.0,,1.0,1.0,990:00,1.0,1.0,3.0,1.0,1.0,12,,,,,,,306
2026-08-12,Indiana St. Sycamores,Western Ill.,Away,Win,3,0,,1,990:00,3.0,4.0,10.0,18.0,12.0,8,,,6.0,,,1.0,990:00,,,,4.0,3.0,9,,,2.0,,,,305
2026-08-16,Indiana St. Sycamores,Western Ky.,Home,Loss,0,1,,1,990:00,,,,8.0,2.0,15,,,2.0,,,,990:00,1.0,1.0,3.0,9.0,3.0,12,,,3.0,,,1.0,305
2026-08-13,Iona Gaels,LIU,Home,Win,3,0,,1,990:00,3.0,4.0,10.0,9.0,3.0,10,,,1.0,,,1.0,990:00,,,,7.0,3.0,7,,,1.0,,,,310
2026-08-16,Iona Gaels,Le Moyne,Away,Win,2,1,,1,990:00,2.0,4.0,8.0,13.0,7.0,13,,,2.0,,,1.0,959:30,1.0,,2.0,9.0,4.0,7,1.0,2.0,,,,,310
2026-08-12,Iowa Hawkeyes,Milwaukee,Home,Win,7,0,,1,990:00,7.0,7.0,21.0,21.0,13.0,9,,1.0,8.0,1.0,1.0,1.0,990:00,,,,3.0,2.0,8,,,1.0,,,,312
2026-08-15,Iowa Hawkeyes,Loyola Chicago,Home,Win,5,0,,1,990:00,5.0,3.0,13.0,29.0,15.0,8,,,9.0,,,1.0,990:00,,,,3.0,2.0,11,,1.0,2.0,,,,312
2026-08-12,Iowa St. Cyclones,Omaha,Away,Win,1,0,,1,990:00,1.0,,2.0,12.0,4.0,6,,,9.0,,,1.0,990:00,,,,6.0,2.0,8,,,3.0,,,,311
2026-08-16,Iowa St. Cyclones,Kansas City,Home,Win,4,0,,1,990:00,4.0,6.0,14.0,18.0,8.0,14,,2.0,2.0,,,1.0,990:00,,,,11.0,3.0,12,,1.0,3.0,,,,311
2026-08-12,Jackson St. Lady Tigers,Mercer,Home,Loss,1,2,,1,980:15,1.0,,2.0,10.0,2.0,15,1.0,3.0,3.0,,,,987:53,2.0,1.0,5.0,17.0,12.0,15,,2.0,4.0,1.0,1.0,1.0,314
2026-08-15,Jackson St. Lady Tigers,Abilene Christian,Home,Loss,1,3,,1,984:00,1.0,,2.0,12.0,5.0,11,2.0,4.0,3.0,,,,921:00,3.0,2.0,8.0,14.0,9.0,15,,1.0,2.0,1.0,1.0,1.0,314
2026-08-12,Jacksonville Dolphins,Miami (FL),Home,Win,2,0,,1,990:00,2.0,2.0,6.0,8.0,4.0,9,,1.0,1.0,,,1.0,990:00,,,,10.0,2.0,19,,,6.0,,,,316
2026-08-12,Jacksonville St. Gamecocks,West Ga.,Home,Draw,1,1,,1,990:00,1.0,1.0,3.0,20.0,13.0,6,,1.0,6.0,,,,990:00,1.0,1.0,3.0,8.0,4.0,14,,1.0,3.0,,,,315
2026-08-16,Jacksonville St. Gamecocks,Auburn,Away,Loss,0,5,,1,990:00,,,,4.0,1.0,6,,,,,,,990:00,5.0,5.0,15.0,23.0,11.0,14,,,9.0,,,1.0,315
2026-08-12,James Madison Dukes,NC State,Home,Loss,1,3,,1,990:00,1.0,,2.0,4.0,1.0,8,,2.0,,,,,990:00,3.0,,6.0,18.0,9.0,9,,,5.0,,,1.0,317
2026-08-16,James Madison Dukes,George Mason,Home,Win,2,1,,1,990:00,2.0,2.0,6.0,11.0,7.0,15,,,3.0,,,1.0,990:00,1.0,,2.0,9.0,7.0,6,,,6.0,1.0,1.0,,317
2026-08-12,Kansas Jayhawks,Utah St.,Home,Win,2,0,,1,990:00,2.0,2.0,6.0,14.0,4.0,5,,,9.0,,,1.0,990:00,,,,6.0,3.0,10,,1.0,2.0,,,,328
2026-08-16,Kansas Jayhawks,Missouri St.,Away,Win,7,0,,1,990:00,7.0,6.0,20.0,20.0,10.0,9,,,12.0,,,1.0,990:00,,,,1.0,1.0,9,,1.0,1.0,,,,328
2026-08-16,Kansas City Roos,Iowa St.,Away,Loss,0,4,,1,990:00,,,,11.0,3.0,12,,1.0,3.0,,,,990:00,4.0,6.0,14.0,18.0,8.0,14,,2.0,2.0,,,1.0,2707
2026-08-13,Kansas St. Wildcats,Seattle U,Home,Win,4,0,,1,990:00,4.0,1.0,9.0,14.0,8.0,12,,,4.0,,,1.0,990:00,,,,9.0,3.0,6,,,6.0,,,,327
2026-08-15,Kansas St. Wildcats,Hawaii,Away,Win,3,1,,1,990:00,3.0,2.0,8.0,16.0,6.0,2,,,9.0,,,1.0,990:00,1.0,1.0,3.0,7.0,3.0,9,,,,,,,327
2026-08-12,Kennesaw St. Owls,Memphis,Away,Loss,0,2,,1,990:00,,,,1.0,1.0,7,,,,,,,990:00,2.0,,4.0,18.0,10.0,3,,,8.0,1.0,1.0,1.0,1157
2026-08-16,Kennesaw St. Owls,Stetson,Home,Win,2,0,,1,990:00,2.0,2.0,6.0,8.0,5.0,16,,1.0,1.0,,,1.0,990:00,,,,4.0,,5,,2.0,6.0,,,,1157
2026-08-13,Kent St. Golden Flashes,Cleveland St.,Home,Win,3,0,,1,954:22,3.0,4.0,10.0,14.0,6.0,10,,2.0,11.0,,,1.0,990:00,,,,10.0,6.0,11,,,3.0,,,,331
2026-08-17,Kent St. Golden Flashes,Kentucky,Away,Loss,2,5,,1,990:00,2.0,3.0,7.0,2.0,2.0,11,,4.0,1.0,,,,990:00,5.0,3.0,13.0,25.0,13.0,13,,2.0,12.0,,,1.0,331
2026-08-12,Kentucky Wildcats,Detroit Mercy,Home,Win,6,0,,1,990:00,6.0,3.0,15.0,31.0,13.0,8,,1.0,15.0,2.0,2.0,1.0,990:00,,,,3.0,1.0,6,,2.0,1.0,,,,334
2026-08-17,Kentucky Wildcats,Kent St.,Home,Win,5,2,,1,990:00,5.0,3.0,13.0,25.0,13.0,13,,2.0,12.0,,,1.0,990:00,2.0,3.0,7.0,2.0,2.0,11,,4.0,1.0,,,,334
2026-08-13,LIU Sharks,Iona,Away,Loss,0,3,,1,990:00,,,,7.0,3.0,7,,,1.0,,,,990:00,3.0,4.0,10.0,9.0,3.0,10,,,1.0,,,1.0,361
2026-08-16,LIU Sharks,Manhattan,Home,Loss,1,3,,1,990:00,1.0,1.0,3.0,13.0,7.0,10,,,2.0,,,,990:00,3.0,4.0,10.0,28.0,12.0,9,,,10.0,,,1.0,361
2026-08-12,LMU (CA) Lions,UC Santa Barbara,Away,Loss,0,1,,1,990:00,,,,12.0,4.0,4,,,4.0,,,,990:00,1.0,2.0,4.0,10.0,3.0,12,,,7.0,,,1.0,370
2026-08-12,LSU Tigers,Wake Forest,Away,Loss,0,2,,1,990:00,,,,14.0,5.0,10,,1.0,8.0,,,,990:00,2.0,2.0,6.0,17.0,7.0,9,,,6.0,,,1.0,365
2026-08-16,LSU Tigers,Northwestern St.,Home,Win,5,0,,1,990:00,5.0,5.0,15.0,24.0,9.0,14,,1.0,13.0,1.0,1.0,1.0,990:00,,,,3.0,,8,,2.0,,,,,365
2026-08-13,La Salle Explorers,American,Home,Win,2,1,,1,990:00,2.0,3.0,7.0,21.0,9.0,12,,1.0,12.0,,,1.0,990:00,1.0,,2.0,7.0,1.0,13,,1.0,3.0,1.0,1.0,,340
2026-08-16,Lafayette Leopards,Central Conn. St.,Away,Loss,0,2,,1,990:00,,,,15.0,7.0,14,,,6.0,,,,990:00,2.0,2.0,6.0,11.0,6.0,12,,,2.0,,,1.0,342
2026-08-12,Lamar University Cardinals,UTEP,Away,Loss,0,2,,1,990:00,,,,2.0,1.0,9,,2.0,1.0,,,,990:00,2.0,1.0,5.0,10.0,5.0,9,,2.0,5.0,,,1.0,346
2026-08-16,Lamar University Cardinals,Sam Houston,Home,Draw,0,0,,1,990:00,,,,16.0,6.0,9,,2.0,8.0,,,,990:00,,,,9.0,5.0,12,,1.0,3.0,,,,346
2026-08-13,Le Moyne Dolphins,Canisius,Away,Loss,0,2,,1,990:00,,,,6.0,3.0,8,,,3.0,,,,990:00,2.0,1.0,5.0,14.0,6.0,9,,,3.0,,,1.0,349
2026-08-16,Le Moyne Dolphins,Iona,Home,Loss,1,2,,1,959:30,1.0,,2.0,9.0,4.0,7,1.0,2.0,,,,,990:00,2.0,4.0,8.0,13.0,7.0,13,,,2.0,,,1.0,349
2026-08-13,Lehigh Mountain Hawks,Binghamton,Away,Loss,0,3,,1,990:00,,,,3.0,,3,,,1.0,,,,990:00,3.0,2.0,8.0,16.0,4.0,8,,,4.0,,,1.0,352
2026-08-16,Lehigh Mountain Hawks,Villanova,Home,Loss,0,9,,1,990:00,,,,2.0,1.0,3,,,2.0,,,,990:00,9.0,7.0,25.0,23.0,12.0,3,,,17.0,1.0,1.0,1.0,352
2026-08-13,Liberty Lady Flames,East Carolina,Home,Win,2,0,,1,990:00,2.0,1.0,5.0,20.0,11.0,11,,,3.0,,,1.0,990:00,,,,5.0,2.0,8,,1.0,1.0,,,,355
2026-08-16,Liberty Lady Flames,Virginia,Away,Loss,0,2,,1,990:00,,,,8.0,3.0,12,,,7.0,,,,990:00,2.0,3.0,7.0,14.0,4.0,6,,,5.0,,,1.0,355
2026-08-13,Lindenwood Lions,Bellarmine,Home,Win,1,0,,1,990:00,1.0,1.0,3.0,21.0,9.0,3,,,11.0,,,1.0,990:00,,,,4.0,3.0,8,,,4.0,,,,30136
2026-08-16,Lindenwood Lions,Saint Louis,Away,Loss,0,5,,1,990:00,,,,5.0,2.0,6,,,1.0,,,,990:00,5.0,7.0,17.0,21.0,13.0,5,,1.0,5.0,,,1.0,30136
2026-08-12,Lipscomb Bisons,Arkansas St.,Home,Win,1,0,,1,990:00,1.0,2.0,4.0,14.0,4.0,9,,,3.0,,,1.0,990:00,,,,8.0,2.0,6,,,6.0,,,,28600
2026-08-16,Lipscomb Bisons,Oregon St.,Home,Win,2,0,,1,990:00,2.0,2.0,6.0,10.0,5.0,5,,1.0,7.0,,,1.0,990:00,,,,11.0,6.0,6,,3.0,5.0,,,,28600
2026-08-13,Little Rock Trojans,ULM,Home,Draw,1,1,,1,990:00,1.0,,2.0,11.0,6.0,14,,,4.0,,,,990:00,1.0,,2.0,7.0,3.0,10,,2.0,2.0,,,,32
2026-08-16,Little Rock Trojans,Arkansas St.,Away,Win,2,1,,1,969:09,2.0,2.0,6.0,15.0,5.0,8,,2.0,6.0,,,1.0,990:00,1.0,1.0,3.0,19.0,12.0,14,,1.0,6.0,,,,32
2026-08-12,Long Beach St. Beach,Saint Mary's (CA),Home,Draw,0,0,,1,990:00,,,,10.0,1.0,5,,,4.0,,,,990:00,,,,7.0,2.0,11,,1.0,4.0,,,,99
2026-08-16,Long Beach St. Beach,Colgate,Home,Win,1,0,,1,990:00,1.0,1.0,3.0,19.0,10.0,16,,1.0,3.0,,,1.0,990:00,,,,10.0,3.0,10,,1.0,1.0,,,,99
2026-08-13,Longwood Lancers,Campbell,Home,Loss,0,2,,1,990:00,,,,9.0,6.0,8,,,5.0,,,,990:00,2.0,1.0,5.0,13.0,10.0,8,,2.0,8.0,,,1.0,363
2026-08-16,Longwood Lancers,Old Dominion,Away,Loss,0,3,,1,990:00,,,,3.0,1.0,7,,,3.0,,,,990:00,3.0,1.0,7.0,11.0,7.0,8,,1.0,3.0,,,1.0,363
2026-08-13,Louisiana Ragin' Cajuns,Southeastern La.,Away,Win,4,1,,1,990:00,4.0,4.0,12.0,12.0,4.0,12,,,4.0,,,1.0,990:00,1.0,1.0,3.0,11.0,6.0,9,,,2.0,,1.0,,671
2026-08-16,Louisiana Ragin' Cajuns,Ole Miss,Home,Loss,1,2,,1,990:00,1.0,1.0,3.0,9.0,2.0,5,,,,,,,990:00,2.0,2.0,6.0,8.0,5.0,10,,2.0,7.0,,,1.0,671
2026-08-13,Louisiana Tech Bulldogs,Nicholls,Home,Draw,2,2,,1,990:00,2.0,1.0,5.0,21.0,11.0,8,,,12.0,,,,990:00,2.0,,4.0,12.0,5.0,16,,,,1.0,1.0,,366
2026-08-16,Louisiana Tech Bulldogs,Southeastern La.,Home,Loss,1,5,,1,990:00,1.0,1.0,3.0,9.0,4.0,8,,3.0,5.0,,,,987:51,5.0,4.0,14.0,21.0,16.0,9,,1.0,4.0,,,1.0,366
2026-08-12,Louisville Cardinals,Nebraska,Home,Loss,1,3,,1,990:00,1.0,1.0,3.0,18.0,7.0,6,,,8.0,,,,990:00,3.0,2.0,8.0,8.0,5.0,10,,1.0,,1.0,1.0,1.0,367
2026-08-16,Louisville Cardinals,IU Indy,Home,Win,5,1,,1,990:00,5.0,7.0,17.0,30.0,18.0,5,,,18.0,,,1.0,990:00,1.0,2.0,4.0,4.0,1.0,5,,,1.0,,,,367
2026-08-12,Loyola Chicago Ramblers,Central Mich.,Home,Win,1,0,,1,990:00,1.0,,2.0,10.0,5.0,5,,,2.0,,,1.0,990:00,,,,8.0,3.0,11,,2.0,4.0,,,,371
2026-08-15,Loyola Chicago Ramblers,Iowa,Away,Loss,0,5,,1,990:00,,,,3.0,2.0,11,,1.0,2.0,,,,990:00,5.0,3.0,13.0,29.0,15.0,8,,,9.0,,,1.0,371
2026-08-12,Loyola Maryland Greyhounds,William & Mary,Home,Draw,1,1,,1,1014:12,1.0,1.0,3.0,3.0,2.0,4,,2.0,8.0,,,,990:00,1.0,2.0,4.0,7.0,4.0,3,,,3.0,,,,369
2026-08-16,Loyola Maryland Greyhounds,Arkansas,Home,Draw,1,1,,1,990:00,1.0,,2.0,3.0,1.0,14,,1.0,6.0,,,,990:00,1.0,,2.0,16.0,6.0,7,,1.0,8.0,1.0,1.0,,369
2026-08-12,Maine Black Bears,Rhode Island,Away,Loss,0,1,,1,990:00,,,,7.0,5.0,8,,,4.0,,,,990:00,1.0,2.0,4.0,8.0,3.0,6,,,2.0,,,1.0,380
2026-08-12,Manhattan Jaspers,Monmouth,Away,Loss,0,1,,1,990:00,,,,13.0,5.0,9,,,7.0,,,,990:00,1.0,1.0,3.0,17.0,8.0,7,,,5.0,,1.0,1.0,381
2026-08-16,Manhattan Jaspers,LIU,Away,Win,3,1,,1,990:00,3.0,4.0,10.0,28.0,12.0,9,,,10.0,,,1.0,990:00,1.0,1.0,3.0,13.0,7.0,10,,,2.0,,,,381
2026-08-16,Marist Red Foxes,Binghamton,Away,Loss,0,2,,1,990:00,,,,5.0,1.0,7,,,3.0,,,,990:00,2.0,2.0,6.0,8.0,2.0,11,,1.0,6.0,,,1.0,386
2026-08-12,Marquette Golden Eagles,St. Thomas (MN),Away,Win,4,0,,1,990:00,4.0,1.0,9.0,17.0,9.0,1,,,5.0,,,1.0,990:00,,,,4.0,,10,,1.0,3.0,,,,387
2026-08-16,Marquette Golden Eagles,North Dakota St.,Away,Win,2,0,,1,990:00,2.0,1.0,5.0,15.0,5.0,6,,2.0,3.0,,,1.0,990:00,,,,8.0,2.0,15,,1.0,5.0,,,,387
2026-08-13,Marshall Thundering Herd,Morehead St.,Home,Win,3,1,,1,990:00,3.0,6.0,12.0,12.0,5.0,12,,3.0,3.0,,,1.0,990:00,1.0,1.0,3.0,11.0,4.0,12,,2.0,8.0,,1.0,,388
2026-08-16,"Maryland Terrapins, Terps",Fordham,Home,Win,1,0,,1,990:00,1.0,1.0,3.0,12.0,4.0,3,,1.0,3.0,,,1.0,990:00,,,,9.0,4.0,5,,,4.0,,,,392
2026-08-13,Massachusetts Minutewomen,St. John's (NY),Away,Win,2,1,,1,990:00,2.0,4.0,8.0,12.0,8.0,11,,,3.0,,,1.0,990:00,1.0,,2.0,8.0,3.0,8,,,1.0,,,,400
2026-08-13,McNeese Cowgirls,Alcorn,Away,Win,2,1,,1,990:00,2.0,2.0,6.0,5.0,2.0,12,,1.0,,,,1.0,990:00,1.0,1.0,3.0,11.0,4.0,11,,,7.0,,,,402
2026-08-16,McNeese Cowgirls,Southern Miss.,Home,Win,1,0,,1,990:00,1.0,,2.0,12.0,6.0,6,,,1.0,,,1.0,990:00,,,,13.0,4.0,5,,1.0,10.0,,,,402
2026-08-12,Memphis Tigers,Kennesaw St.,Home,Win,2,0,,1,990:00,2.0,,4.0,18.0,10.0,3,,,8.0,1.0,1.0,1.0,990:00,,,,1.0,1.0,7,,,,,,,404
2026-08-15,Memphis Tigers,Alabama,Home,Loss,1,2,,1,990:00,1.0,1.0,3.0,12.0,3.0,14,,1.0,7.0,,,,990:00,2.0,1.0,5.0,9.0,4.0,9,,,3.0,1.0,1.0,1.0,404
2026-08-12,Mercer Bears,Jackson St.,Away,Win,2,1,,1,987:53,2.0,1.0,5.0,17.0,12.0,15,,2.0,4.0,1.0,1.0,1.0,980:15,1.0,,2.0,10.0,2.0,15,1.0,3.0,3.0,,,,406
2026-08-16,Mercer Bears,West Ga.,Away,Win,1,0,,1,990:00,1.0,1.0,3.0,25.0,13.0,16,,,10.0,,,1.0,990:00,,,,8.0,3.0,7,,2.0,4.0,,,,406
2026-08-13,Mercyhurst Lakers,Oakland,Home,Loss,0,3,,1,990:00,,,,8.0,1.0,6,,,1.0,,,,990:00,3.0,1.0,7.0,14.0,9.0,9,,,6.0,,,1.0,408
2026-08-16,Mercyhurst Lakers,Buffalo,Home,Loss,0,2,,1,990:00,,,,3.0,2.0,10,,2.0,1.0,,,,990:00,2.0,4.0,8.0,20.0,11.0,10,,,6.0,,,1.0,408
2026-08-12,Merrimack Warriors,Vermont,Away,Draw,2,2,,1,990:00,2.0,2.0,6.0,15.0,9.0,7,,2.0,6.0,,,,982:49,2.0,3.0,7.0,16.0,7.0,11,,,8.0,,,,410
2026-08-16,Merrimack Warriors,Northeastern,Home,Loss,0,2,,1,990:00,,,,9.0,4.0,8,,1.0,7.0,,,,945:00,2.0,1.0,5.0,14.0,6.0,6,,2.0,6.0,1.0,1.0,1.0,410
2026-08-12,Miami (FL) Hurricanes,Jacksonville,Away,Loss,0,2,,1,990:00,,,,10.0,2.0,19,,,6.0,,,,990:00,2.0,2.0,6.0,8.0,4.0,9,,1.0,1.0,,,1.0,415
2026-08-16,Miami (FL) Hurricanes,Fla. Atlantic,Away,Win,3,0,,1,990:00,3.0,2.0,8.0,14.0,10.0,15,,2.0,2.0,,,1.0,990:00,,,,10.0,3.0,7,,,3.0,,,,415
2026-08-16,Miami (OH) RedHawks,Xavier,Away,Loss,0,3,,1,990:00,,,,7.0,4.0,18,,2.0,5.0,,,,990:00,3.0,4.0,10.0,13.0,7.0,12,,1.0,8.0,,,1.0,414
2026-08-13,Michigan Wolverines,Utah Valley,Away,Draw,1,1,,1,990:00,1.0,,2.0,13.0,6.0,8,,1.0,3.0,1.0,1.0,,984:37,1.0,1.0,3.0,14.0,6.0,12,1.0,1.0,9.0,,,,418
2026-08-16,Michigan Wolverines,Utah St.,Away,Draw,2,2,,1,990:00,2.0,1.0,5.0,5.0,4.0,13,,1.0,5.0,,,,990:00,2.0,1.0,5.0,16.0,9.0,12,,,3.0,,,,418
2026-08-12,Michigan St. Spartans,Xavier,Home,Win,2,0,,1,990:00,2.0,1.0,5.0,16.0,5.0,13,,,4.0,,,1.0,921:23,,,,8.0,5.0,11,1.0,2.0,3.0,,,,416
2026-08-13,Middle Tenn. Blue Raiders,Troy,Home,Win,2,0,,1,990:00,2.0,,4.0,16.0,7.0,9,,1.0,4.0,1.0,1.0,1.0,990:00,,,,4.0,1.0,14,,1.0,5.0,,,,419
2026-08-16,Middle Tenn. Blue Raiders,Southern Ind.,Away,Win,2,0,,1,990:00,2.0,3.0,7.0,9.0,4.0,5,,,8.0,,,1.0,990:00,,,,9.0,5.0,4,,1.0,2.0,,,,419
2026-08-12,Milwaukee Panthers,Iowa,Away,Loss,0,7,,1,990:00,,,,3.0,2.0,8,,,1.0,,,,990:00,7.0,7.0,21.0,21.0,13.0,9,,1.0,8.0,1.0,1.0,1.0,797
2026-08-16,Milwaukee Panthers,UNI,Away,Win,4,0,,1,990:00,4.0,,8.0,21.0,10.0,14,,,11.0,1.0,1.0,1.0,990:00,,,,3.0,1.0,11,,1.0,3.0,,,,797
2026-08-13,Minnesota Golden Gophers,North Dakota,Home,Win,4,0,,1,990:00,4.0,4.0,12.0,31.0,16.0,7,,,18.0,,,1.0,990:00,,,,7.0,4.0,5,,2.0,,,,,428
2026-08-16,Minnesota Golden Gophers,Georgia,Home,Draw,1,1,,1,990:00,1.0,1.0,3.0,17.0,8.0,10,,,3.0,,,,990:00,1.0,,2.0,6.0,4.0,7,,1.0,1.0,1.0,1.0,,428
2026-08-12,Mississippi St. Bulldogs,South Alabama,Home,Win,3,0,,1,990:00,3.0,3.0,9.0,26.0,12.0,15,,1.0,12.0,,,1.0,990:00,,,,4.0,,13,,2.0,4.0,,,,430
2026-08-16,Mississippi St. Bulldogs,UAB,Away,Win,2,1,,1,990:00,2.0,1.0,5.0,6.0,4.0,9,,1.0,13.0,,,1.0,990:00,1.0,1.0,3.0,5.0,3.0,3,,,3.0,,,,430
2026-08-13,Missouri Tigers,Western Ky.,Away,Draw,0,0,,1,990:00,,,,11.0,6.0,8,,,2.0,,,,990:00,,,,8.0,3.0,5,,,2.0,,,,434
2026-08-16,Missouri Tigers,Murray St.,Away,Win,3,1,,1,990:00,3.0,2.0,8.0,18.0,9.0,5,,,6.0,,,1.0,990:00,1.0,1.0,3.0,11.0,3.0,6,,,10.0,,,,434
2026-08-16,Missouri St. Bears,Kansas,Home,Loss,0,7,,1,990:00,,,,1.0,1.0,9,,1.0,1.0,,,,990:00,7.0,6.0,20.0,20.0,10.0,9,,,12.0,,,1.0,669
2026-08-12,Monmouth Hawks,Manhattan,Home,Win,1,0,,1,990:00,1.0,1.0,3.0,17.0,8.0,7,,,5.0,,1.0,1.0,990:00,,,,13.0,5.0,9,,,7.0,,,,439
2026-08-16,Monmouth Hawks,Wagner,Away,Loss,1,2,,1,990:00,1.0,,2.0,28.0,13.0,8,,,11.0,,,,990:00,2.0,2.0,6.0,7.0,5.0,11,,,1.0,,,1.0,439
2026-08-13,Montana Grizzlies,Bucknell,Home,Loss,0,1,,1,990:00,,,,5.0,2.0,5,,,2.0,,,,990:00,1.0,1.0,3.0,14.0,3.0,8,,,5.0,,,1.0,441
2026-08-13,Morehead St. Eagles,Marshall,Away,Loss,1,3,,1,990:00,1.0,1.0,3.0,11.0,4.0,12,,2.0,8.0,,1.0,,990:00,3.0,6.0,12.0,12.0,5.0,12,,3.0,3.0,,,1.0,444
2026-08-16,Morehead St. Eagles,Brescia,Home,Win,2,0,,1,990:00,2.0,2.0,6.0,41.0,20.0,8,,,11.0,,,1.0,990:00,,,,,,4,,,,,,,444
2026-08-13,Mount St. Mary's Mountaineers,UMBC,Away,Loss,1,3,,1,990:00,1.0,,2.0,14.0,7.0,6,,1.0,2.0,1.0,1.0,,990:00,3.0,2.0,8.0,17.0,9.0,5,,,6.0,,,1.0,450
2026-08-17,Mount St. Mary's Mountaineers,Towson,Home,Loss,0,2,,1,990:00,,,,2.0,1.0,12,,1.0,3.0,,,,990:00,2.0,,4.0,22.0,7.0,7,,,10.0,1.0,1.0,1.0,450
2026-08-12,Murray St. Racers,Ole Miss,Away,Loss,0,1,,1,990:00,,,,4.0,1.0,10,,,1.0,,,,990:00,1.0,1.0,3.0,22.0,4.0,11,,,10.0,,,1.0,454
2026-08-16,Murray St. Racers,Missouri,Home,Loss,1,3,,1,990:00,1.0,1.0,3.0,11.0,3.0,6,,,10.0,,,,990:00,3.0,2.0,8.0,18.0,9.0,5,,,6.0,,,1.0,454
2026-08-12,NC State Wolfpack,James Madison,Away,Win,3,1,,1,990:00,3.0,,6.0,18.0,9.0,9,,,5.0,,,1.0,990:00,1.0,,2.0,4.0,1.0,8,,2.0,,,,,490
2026-08-16,NC State Wolfpack,VCU,Away,Win,4,0,,1,990:00,4.0,4.0,12.0,32.0,14.0,9,,,10.0,,,1.0,990:00,,,,9.0,4.0,9,,,1.0,,,,490
2026-08-12,NIU Huskies,Illinois St.,Away,Loss,1,2,,1,990:00,1.0,1.0,3.0,7.0,5.0,9,,,1.0,,,,990:00,2.0,2.0,6.0,18.0,8.0,10,,,10.0,,,1.0,503
2026-08-16,NIU Huskies,DePaul,Away,Draw,2,2,,1,990:00,2.0,2.0,6.0,6.0,3.0,2,,1.0,1.0,,,,990:00,2.0,2.0,6.0,16.0,7.0,10,,,9.0,,,,503
2026-08-16,NJIT Highlanders,Rider,Home,Draw,1,1,,1,990:00,1.0,1.0,3.0,19.0,9.0,9,,,6.0,,,,990:00,1.0,,2.0,6.0,3.0,7,,1.0,1.0,,,,471
2026-08-12,Navy Midshipmen,Robert Morris,Home,Win,4,0,,1,990:00,4.0,2.0,10.0,14.0,7.0,9,,,3.0,1.0,1.0,1.0,956:57,,,,3.0,1.0,10,1.0,1.0,2.0,,,,726
2026-08-15,Navy Midshipmen,Rice,Home,Loss,0,3,,1,990:00,,,,12.0,4.0,8,,,5.0,,,,990:00,3.0,3.0,9.0,18.0,11.0,4,,1.0,7.0,,,1.0,726
2026-08-12,Nebraska Huskers,Louisville,Away,Win,3,1,,1,990:00,3.0,2.0,8.0,8.0,5.0,10,,1.0,,1.0,1.0,1.0,990:00,1.0,1.0,3.0,18.0,7.0,6,,,8.0,,,,463
2026-08-16,Nebraska Huskers,South Dakota,Home,Draw,1,1,,1,990:00,1.0,,2.0,25.0,9.0,6,,,6.0,,,,990:00,1.0,1.0,3.0,9.0,3.0,12,,1.0,5.0,,,,463
2026-08-13,New Hampshire Wildcats,Stonehill,Away,Draw,1,1,,1,990:00,1.0,,2.0,10.0,3.0,9,,,4.0,1.0,1.0,,990:00,1.0,1.0,3.0,12.0,2.0,7,,,3.0,,,,469
2026-08-16,New Hampshire Wildcats,Siena,Away,Loss,0,1,,1,990:00,,,,9.0,6.0,8,,,5.0,,,,990:00,1.0,2.0,4.0,11.0,4.0,8,,,1.0,,,1.0,469
2026-08-16,New Haven Chargers,Stony Brook,Away,Loss,0,5,,1,993:42,,,,4.0,2.0,14,,2.0,3.0,,,,990:00,5.0,4.0,14.0,28.0,11.0,12,,1.0,2.0,1.0,1.0,1.0,470
2026-08-12,New Mexico St. Aggies,Arizona St.,Home,Loss,1,3,,1,990:00,1.0,1.0,3.0,3.0,3.0,16,,3.0,2.0,,,,990:00,3.0,2.0,8.0,13.0,5.0,8,,1.0,8.0,1.0,1.0,1.0,472
2026-08-15,New Mexico St. Aggies,Arizona,Away,Loss,0,2,,1,990:00,,,,3.0,1.0,8,,2.0,,,,,990:00,2.0,1.0,5.0,19.0,10.0,5,,,4.0,,,1.0,472
2026-08-12,Niagara Purple Eagles,Buffalo,Away,Loss,0,2,,1,990:00,,,,5.0,1.0,7,,1.0,2.0,,,,990:00,2.0,3.0,7.0,15.0,6.0,6,,1.0,2.0,,,1.0,482
2026-08-13,Nicholls Colonels,Louisiana Tech,Away,Draw,2,2,,1,990:00,2.0,,4.0,12.0,5.0,16,,,,1.0,1.0,,990:00,2.0,1.0,5.0,21.0,11.0,8,,,12.0,,,,483
2026-08-15,Nicholls Colonels,Ark.-Pine Bluff,Away,Win,11,0,,1,990:00,11.0,6.0,28.0,34.0,20.0,6,,,6.0,,,1.0,990:00,,,,2.0,1.0,3,,,1.0,,,,483
2026-08-15,North Ala. Lions,UNC Asheville,Away,Draw,3,3,,1,990:00,3.0,3.0,9.0,8.0,3.0,5,,1.0,5.0,,,,987:32,3.0,3.0,9.0,16.0,9.0,3,,,3.0,,,,487
2026-08-13,North Carolina Tar Heels,Fairfield,Home,Win,4,0,,1,990:00,4.0,3.0,11.0,24.0,12.0,8,,1.0,7.0,,,1.0,990:00,,,,3.0,1.0,10,,,,,,,457
2026-08-16,North Carolina Tar Heels,Quinnipiac,Home,Win,8,0,,1,990:00,8.0,4.0,20.0,25.0,11.0,7,,2.0,6.0,,1.0,1.0,990:00,,,,2.0,,14,,,2.0,,,,457
2026-08-13,North Dakota Fighting Hawks,Minnesota,Away,Loss,0,4,,1,990:00,,,,7.0,4.0,5,,2.0,,,,,990:00,4.0,4.0,12.0,31.0,16.0,7,,,18.0,,,1.0,494
2026-08-16,North Dakota Fighting Hawks,Green Bay,Home,Loss,1,2,,1,990:00,1.0,,2.0,2.0,2.0,14,,4.0,,,,,990:00,2.0,,4.0,13.0,7.0,8,,1.0,6.0,,,1.0,494
2026-08-13,North Dakota St. Bison,Green Bay,Home,Loss,0,3,,1,990:00,,,,3.0,1.0,8,,,1.0,,,,990:00,3.0,1.0,7.0,11.0,9.0,9,,3.0,5.0,,,1.0,493
2026-08-16,North Dakota St. Bison,Marquette,Home,Loss,0,2,,1,990:00,,,,8.0,2.0,15,,1.0,5.0,,,,990:00,2.0,1.0,5.0,15.0,5.0,6,,2.0,3.0,,,1.0,493
2026-08-12,North Florida Ospreys,Ga. Southern,Away,Loss,1,2,,1,990:00,1.0,1.0,3.0,6.0,3.0,8,,2.0,3.0,,,,990:00,2.0,2.0,6.0,21.0,6.0,13,,1.0,4.0,,,1.0,2711
2026-08-16,North Texas Mean Green,SMU,Away,Loss,0,2,,1,990:00,,,,7.0,1.0,10,,2.0,1.0,,,,990:00,2.0,3.0,7.0,16.0,8.0,9,,,4.0,,,1.0,497
2026-08-13,Northeastern Huskies,Boston U.,Away,Win,1,0,,1,990:00,1.0,1.0,3.0,7.0,3.0,15,,2.0,3.0,,,1.0,990:00,,,,11.0,9.0,6,,1.0,3.0,,,,500
2026-08-16,Northeastern Huskies,Merrimack,Away,Win,2,0,,1,945:00,2.0,1.0,5.0,14.0,6.0,6,,2.0,6.0,1.0,1.0,1.0,990:00,,,,9.0,4.0,8,,1.0,7.0,,,,500
2026-08-12,Northern Ariz. Lumberjacks,UC Riverside,Away,Win,2,0,,1,990:00,2.0,2.0,6.0,8.0,6.0,7,,1.0,3.0,,,1.0,990:00,,,,8.0,3.0,6,,,4.0,,,,501
2026-08-16,Northern Colo. Bears,Wyoming,Home,Loss,0,3,,1,990:00,,,,10.0,2.0,10,,,3.0,,,,990:00,3.0,2.0,8.0,12.0,7.0,15,,2.0,5.0,1.0,1.0,1.0,502
2026-08-12,Northern Ky. Norse,Austin Peay,Away,Win,4,1,,1,990:00,4.0,4.0,12.0,18.0,8.0,9,,1.0,8.0,,1.0,1.0,990:00,1.0,,2.0,9.0,5.0,10,,,2.0,,,,505
2026-08-12,Northwestern Wildcats,Virginia,Away,Loss,1,3,,1,990:00,1.0,1.0,3.0,5.0,2.0,6,,1.0,,,,,990:00,3.0,3.0,9.0,16.0,8.0,13,,2.0,6.0,,,1.0,509
2026-08-12,Northwestern St. Lady Demons,Oklahoma,Away,Loss,0,9,,1,990:00,,,,2.0,2.0,9,,,,,,,990:00,9.0,10.0,28.0,25.0,16.0,8,,1.0,10.0,1.0,1.0,1.0,508
2026-08-16,Northwestern St. Lady Demons,LSU,Away,Loss,0,5,,1,990:00,,,,3.0,,8,,2.0,,,,,990:00,5.0,5.0,15.0,24.0,9.0,14,,1.0,13.0,1.0,1.0,1.0,508
2026-08-12,Notre Dame Fighting Irish,Samford,Home,Draw,0,0,,1,990:00,,,,21.0,8.0,4,,1.0,13.0,,,,990:00,,,,5.0,2.0,11,,1.0,2.0,,,,513
2026-08-16,Notre Dame Fighting Irish,Penn St.,Home,Draw,2,2,,1,990:00,2.0,1.0,5.0,16.0,6.0,9,,1.0,5.0,1.0,1.0,,990:00,2.0,1.0,5.0,13.0,5.0,12,,1.0,4.0,,,,513
2026-08-13,Oakland Golden Grizzlies,Mercyhurst,Away,Win,3,0,,1,990:00,3.0,1.0,7.0,14.0,9.0,9,,,6.0,,,1.0,990:00,,,,8.0,1.0,6,,,1.0,,,,514
2026-08-16,Oakland Golden Grizzlies,Akron,Away,Loss,0,3,,1,990:00,,,,6.0,4.0,6,,1.0,5.0,,,,984:02,3.0,4.0,10.0,20.0,13.0,3,,1.0,6.0,,,1.0,514
2026-08-12,Ohio Bobcats,UIC,Home,Win,2,1,,1,990:00,2.0,,4.0,32.0,13.0,9,,,10.0,,,1.0,990:00,1.0,1.0,3.0,13.0,7.0,7,,1.0,1.0,,,,519
2026-08-16,Ohio St. Buckeyes,Clemson,Away,Draw,0,0,,1,990:00,,,,10.0,4.0,8,,,2.0,,,,961:30,,,,9.0,5.0,10,1.0,2.0,6.0,,,,518
2026-08-12,Oklahoma Sooners,Northwestern St.,Home,Win,9,0,,1,990:00,9.0,10.0,28.0,25.0,16.0,8,,1.0,10.0,1.0,1.0,1.0,990:00,,,,2.0,2.0,9,,,,,,,522
2026-08-16,Oklahoma Sooners,East Texas A&M,Away,Win,2,0,,1,990:00,2.0,2.0,6.0,26.0,11.0,7,,,9.0,,,1.0,990:00,,,,5.0,1.0,7,,,2.0,,,,522
2026-08-12,Oklahoma St. Cowgirls,Sam Houston,Home,Draw,1,1,,1,990:00,1.0,1.0,3.0,24.0,8.0,8,,,8.0,,,,990:00,1.0,,2.0,4.0,2.0,15,,1.0,1.0,,,,521
2026-08-16,Oklahoma St. Cowgirls,SFA,Home,Win,3,0,,1,990:00,3.0,2.0,8.0,19.0,10.0,6,,1.0,13.0,1.0,1.0,1.0,990:00,,,,8.0,4.0,12,,1.0,3.0,,,,521
2026-08-13,Old Dominion Monarchs,Virginia Tech,Away,Loss,1,2,,1,990:00,1.0,2.0,4.0,14.0,5.0,11,,3.0,2.0,,,,990:00,2.0,2.0,6.0,15.0,4.0,13,,3.0,6.0,,,1.0,523
2026-08-16,Old Dominion Monarchs,Longwood,Home,Win,3,0,,1,990:00,3.0,1.0,7.0,11.0,7.0,8,,1.0,3.0,,,1.0,990:00,,,,3.0,1.0,7,,,3.0,,,,523
2026-08-12,Ole Miss Rebels,Murray St.,Home,Win,1,0,,1,990:00,1.0,1.0,3.0,22.0,4.0,11,,,10.0,,,1.0,990:00,,,,4.0,1.0,10,,,1.0,,,,433
2026-08-16,Ole Miss Rebels,Louisiana,Away,Win,2,1,,1,990:00,2.0,2.0,6.0,8.0,5.0,10,,2.0,7.0,,,1.0,990:00,1.0,1.0,3.0,9.0,2.0,5,,,,,,,433
2026-08-12,Omaha Mavericks,Iowa St.,Home,Loss,0,1,,1,990:00,,,,6.0,2.0,8,,,3.0,,,,990:00,1.0,,2.0,12.0,4.0,6,,,9.0,,,1.0,464
2026-08-12,Oral Roberts Golden Eagles,Central Ark.,Away,Win,4,1,,1,990:00,4.0,3.0,11.0,16.0,11.0,9,,1.0,1.0,,,1.0,987:34,1.0,1.0,3.0,4.0,1.0,8,,1.0,2.0,,,,527
2026-08-15,Oral Roberts Golden Eagles,Rogers St.,Home,Win,3,0,,1,990:00,3.0,3.0,9.0,30.0,15.0,10,,1.0,10.0,,,1.0,990:00,,,,3.0,2.0,13,,2.0,,,,,527
2026-08-13,Oregon Ducks,Portland St.,Away,Win,3,0,,1,990:00,3.0,4.0,10.0,23.0,10.0,9,,,8.0,,,1.0,990:00,,,,7.0,,10,,,3.0,,,,529
2026-08-16,Oregon Ducks,Gonzaga,Home,Win,3,0,,1,990:00,3.0,1.0,7.0,13.0,7.0,13,,1.0,4.0,,,1.0,939:00,,,,12.0,4.0,4,1.0,1.0,1.0,,,,529
2026-08-12,Oregon St. Beavers,South Carolina,Away,Loss,0,2,,1,990:00,,,,1.0,1.0,5,,1.0,2.0,,,,990:00,2.0,2.0,6.0,22.0,9.0,1,,,8.0,,,1.0,528
2026-08-16,Oregon St. Beavers,Lipscomb,Away,Loss,0,2,,1,990:00,,,,11.0,6.0,6,,3.0,5.0,,,,990:00,2.0,2.0,6.0,10.0,5.0,5,,1.0,7.0,,,1.0,528
2026-08-13,Pacific Tigers,Sacramento St.,Away,Loss,2,5,,1,990:00,2.0,3.0,7.0,10.0,4.0,8,,1.0,2.0,,,,990:00,5.0,1.0,11.0,12.0,7.0,6,,1.0,3.0,,,1.0,534
2026-08-16,Penn St. Nittany Lions,Notre Dame,Away,Draw,2,2,,1,990:00,2.0,1.0,5.0,13.0,5.0,12,,1.0,4.0,,,,990:00,2.0,1.0,5.0,16.0,6.0,9,,1.0,5.0,1.0,1.0,,539
2026-08-13,Pepperdine Waves,Colgate,Home,Win,3,1,,1,990:00,3.0,3.0,9.0,14.0,8.0,5,,,3.0,,,1.0,990:00,1.0,1.0,3.0,4.0,2.0,4,,,,,,,541
2026-08-16,Pepperdine Waves,Southern California,Home,Draw,1,1,,1,990:00,1.0,,2.0,13.0,7.0,13,,1.0,4.0,1.0,1.0,,990:00,1.0,2.0,4.0,10.0,5.0,12,,1.0,7.0,,,,541
2026-08-12,Pittsburgh Panthers,Youngstown St.,Home,Win,2,1,,1,990:00,2.0,2.0,6.0,13.0,3.0,18,,,15.0,,,1.0,990:00,1.0,1.0,3.0,6.0,2.0,7,,1.0,3.0,,,,545
2026-08-16,Pittsburgh Panthers,Texas,Home,Loss,0,1,,1,990:00,,,,21.0,6.0,15,,,8.0,,,,990:00,1.0,,2.0,14.0,4.0,6,,3.0,9.0,1.0,1.0,1.0,545
2026-08-12,Portland Pilots,Washington,Away,Loss,0,1,,1,990:00,,,,2.0,1.0,15,,2.0,4.0,,,,990:00,1.0,1.0,3.0,16.0,3.0,21,,2.0,6.0,,,1.0,551
2026-08-13,Portland St. Vikings,Oregon,Home,Loss,0,3,,1,990:00,,,,7.0,,10,,,3.0,,,,990:00,3.0,4.0,10.0,23.0,10.0,9,,,8.0,,,1.0,550
2026-08-16,Portland St. Vikings,UNLV,Away,Loss,0,1,,1,990:00,,,,11.0,6.0,10,,2.0,2.0,,,,990:00,1.0,1.0,3.0,11.0,2.0,15,,2.0,13.0,,,1.0,550
2026-08-12,Prairie View Lady Panthers,UIW,Home,Loss,0,1,,1,990:00,,,,3.0,,6,,3.0,,,,,990:00,1.0,1.0,3.0,19.0,13.0,5,,3.0,2.0,,,1.0,553
2026-08-16,Presbyterian Blue Hose,Alabama St.,Away,Win,3,1,,1,990:00,3.0,1.0,7.0,13.0,8.0,6,,,5.0,,,1.0,990:00,1.0,1.0,3.0,7.0,3.0,7,,,5.0,,,,1320
2026-08-12,Providence Friars,UMass Lowell,Home,Draw,1,1,,1,970:02,1.0,,2.0,34.0,15.0,3,,,8.0,,,,990:00,1.0,,2.0,1.0,1.0,6,,1.0,3.0,,,,556
2026-08-15,Providence Friars,Rhode Island,Home,Win,3,0,,1,990:00,3.0,2.0,8.0,23.0,9.0,6,,2.0,7.0,,,1.0,957:28,,,,17.0,6.0,4,1.0,2.0,7.0,,,,556
2026-08-13,Purdue Boilermakers,Evansville,Home,Draw,1,1,,1,990:00,1.0,,2.0,31.0,10.0,9,,2.0,12.0,,,,990:00,1.0,1.0,3.0,2.0,1.0,9,,2.0,1.0,,,,559
2026-08-16,Purdue Boilermakers,Purdue Fort Wayne,Home,Win,7,1,,1,990:00,7.0,8.0,22.0,31.0,20.0,11,,,12.0,,,1.0,990:00,1.0,1.0,3.0,4.0,2.0,9,,,1.0,,,,559
2026-08-16,Purdue Fort Wayne Mastodons,Purdue,Away,Loss,1,7,,1,990:00,1.0,1.0,3.0,4.0,2.0,9,,,1.0,,,,990:00,7.0,8.0,22.0,31.0,20.0,11,,,12.0,,,1.0,308
2026-08-12,Queens (NC) Royals,The Citadel,Home,Draw,2,2,,1,990:00,2.0,1.0,5.0,6.0,4.0,11,,,5.0,,,,990:00,2.0,1.0,5.0,13.0,9.0,6,,1.0,5.0,,,,11504
2026-08-16,Queens (NC) Royals,Gardner-Webb,Away,Loss,0,2,,1,990:00,,,,4.0,1.0,6,,1.0,1.0,,,,990:00,2.0,2.0,6.0,17.0,9.0,7,,,4.0,,,1.0,11504
2026-08-12,Quinnipiac Bobcats,Holy Cross,Away,Draw,2,2,,1,990:00,2.0,1.0,5.0,9.0,4.0,9,,,7.0,,,,990:00,2.0,2.0,6.0,11.0,4.0,8,,,6.0,,,,562
2026-08-16,Quinnipiac Bobcats,North Carolina,Away,Loss,0,8,,1,990:00,,,,2.0,,14,,,2.0,,,,990:00,8.0,4.0,20.0,25.0,11.0,7,,2.0,6.0,,1.0,1.0,562
2026-08-13,Radford Highlanders,Concord,Home,Win,3,0,,1,990:00,3.0,3.0,9.0,18.0,9.0,13,,,6.0,,,1.0,990:00,,,,6.0,3.0,12,,1.0,1.0,,,,563
2026-08-16,Radford Highlanders,Charlotte,Home,Loss,0,2,,1,990:00,,,,5.0,3.0,10,,,3.0,,,,990:00,2.0,3.0,7.0,25.0,12.0,9,,1.0,4.0,,,1.0,563
2026-08-12,Rhode Island Rams,Maine,Home,Win,1,0,,1,990:00,1.0,2.0,4.0,8.0,3.0,6,,,2.0,,,1.0,990:00,,,,7.0,5.0,8,,,4.0,,,,572
2026-08-15,Rhode Island Rams,Providence,Away,Loss,0,3,,1,957:28,,,,17.0,6.0,4,1.0,2.0,7.0,,,,990:00,3.0,2.0,8.0,23.0,9.0,6,,2.0,7.0,,,1.0,572
2026-08-12,Rice Owls,Texas A&M,Home,Loss,1,2,,1,990:00,1.0,2.0,4.0,19.0,8.0,15,,2.0,3.0,,,,990:00,2.0,,4.0,17.0,8.0,11,,1.0,5.0,1.0,1.0,1.0,574
2026-08-15,Rice Owls,Navy,Away,Win,3,0,,1,990:00,3.0,3.0,9.0,18.0,11.0,4,,1.0,7.0,,,1.0,990:00,,,,12.0,4.0,8,,,5.0,,,,574
2026-08-16,Richmond Spiders,Wofford,Home,Win,1,0,,1,987:45,1.0,1.0,3.0,12.0,6.0,9,,1.0,7.0,,,1.0,990:00,,,,6.0,3.0,14,,1.0,5.0,,,,575
2026-08-13,Rider Broncs,Wagner,Away,Win,1,0,,1,990:00,1.0,1.0,3.0,9.0,4.0,8,,,2.0,,,1.0,989:25,,,,22.0,8.0,11,,,7.0,,,,576
2026-08-16,Rider Broncs,NJIT,Away,Draw,1,1,,1,990:00,1.0,,2.0,6.0,3.0,7,,1.0,1.0,,,,990:00,1.0,1.0,3.0,19.0,9.0,9,,,6.0,,,,576
2026-08-12,Robert Morris Colonials,Navy,Away,Loss,0,4,,1,956:57,,,,3.0,1.0,10,1.0,1.0,2.0,,,,990:00,4.0,2.0,10.0,14.0,7.0,9,,,3.0,1.0,1.0,1.0,579
2026-08-16,Robert Morris Colonials,Bowling Green,Away,Loss,0,2,,1,990:00,,,,6.0,3.0,4,,,5.0,,,,990:00,2.0,2.0,6.0,15.0,7.0,9,,,5.0,,,1.0,579
2026-08-13,Rutgers Scarlet Knights,Tennessee,Away,Loss,1,4,,1,990:00,1.0,,2.0,12.0,4.0,9,,1.0,6.0,,,,990:00,4.0,2.0,10.0,18.0,8.0,10,,1.0,6.0,1.0,1.0,1.0,587
2026-08-13,SFA Lumberjacks,Sul Ross St.,Home,Win,6,0,,1,990:00,6.0,8.0,20.0,28.0,14.0,6,,,1.0,,,1.0,990:00,,,,3.0,1.0,4,,1.0,,,,,676
2026-08-16,SFA Lumberjacks,Oklahoma St.,Away,Loss,0,3,,1,990:00,,,,8.0,4.0,12,,1.0,3.0,,,,990:00,3.0,2.0,8.0,19.0,10.0,6,,1.0,13.0,1.0,1.0,1.0,676
2026-08-12,SIUE Cougars,Alabama A&M,Away,Win,2,1,,1,990:00,2.0,1.0,5.0,13.0,9.0,12,,,,1.0,1.0,1.0,986:35,1.0,1.0,3.0,10.0,4.0,8,,,6.0,,,,660
2026-08-16,SIUE Cougars,Valparaiso,Home,Draw,2,2,,1,990:00,2.0,2.0,6.0,18.0,11.0,7,,2.0,11.0,,,,990:00,2.0,2.0,6.0,10.0,7.0,14,,2.0,4.0,,,,660
2026-08-12,SMU Mustangs,Vanderbilt,Away,Loss,3,4,,1,990:00,3.0,2.0,8.0,8.0,4.0,12,,1.0,4.0,,,,990:00,4.0,2.0,10.0,21.0,7.0,5,,,11.0,1.0,1.0,1.0,663
2026-08-16,SMU Mustangs,North Texas,Home,Win,2,0,,1,990:00,2.0,3.0,7.0,16.0,8.0,9,,,4.0,,,1.0,990:00,,,,7.0,1.0,10,,2.0,1.0,,,,663
2026-08-13,Sacramento St. Hornets,Pacific,Home,Win,5,2,,1,990:00,5.0,1.0,11.0,12.0,7.0,6,,1.0,3.0,,,1.0,990:00,2.0,3.0,7.0,10.0,4.0,8,,1.0,2.0,,,,102
2026-08-16,Sacramento St. Hornets,UC Davis,Away,Win,1,0,,1,990:00,1.0,,2.0,9.0,4.0,6,,3.0,7.0,1.0,1.0,1.0,990:00,,,,8.0,4.0,11,,2.0,3.0,,,,102
2026-08-12,Sacred Heart Pioneers,Central Conn. St.,Home,Win,4,1,,1,990:00,4.0,3.0,11.0,21.0,13.0,4,,1.0,4.0,1.0,1.0,1.0,990:00,1.0,1.0,3.0,9.0,3.0,15,,1.0,3.0,,,,590
2026-08-16,Sacred Heart Pioneers,Vermont,Away,Win,2,0,,1,990:00,2.0,1.0,5.0,17.0,10.0,5,,,3.0,,,1.0,990:00,,,,11.0,5.0,9,,3.0,2.0,,,,590
2026-08-12,Saint Joseph's Hawks,Drexel,Home,Win,3,2,,1,974:02,3.0,3.0,9.0,13.0,10.0,5,,,3.0,,,1.0,990:00,2.0,3.0,7.0,12.0,8.0,12,,2.0,5.0,,,,606
2026-08-15,Saint Joseph's Hawks,Hofstra,Home,Win,3,1,,1,990:00,3.0,3.0,9.0,9.0,5.0,10,,,1.0,,,1.0,990:00,1.0,1.0,3.0,12.0,6.0,12,,2.0,6.0,,,,606
2026-08-12,Saint Louis Billikens,Alabama,Home,Loss,1,2,,1,990:00,1.0,,2.0,9.0,2.0,19,,1.0,7.0,1.0,1.0,,990:00,2.0,1.0,5.0,11.0,5.0,13,,1.0,5.0,1.0,1.0,1.0,609
2026-08-16,Saint Louis Billikens,Lindenwood,Home,Win,5,0,,1,990:00,5.0,7.0,17.0,21.0,13.0,5,,1.0,5.0,,,1.0,990:00,,,,5.0,2.0,6,,,1.0,,,,609
2026-08-12,Saint Mary's (CA) Gaels,Long Beach St.,Away,Draw,0,0,,1,990:00,,,,7.0,2.0,11,,1.0,4.0,,,,990:00,,,,10.0,1.0,5,,,4.0,,,,610
2026-08-16,Saint Mary's (CA) Gaels,Fresno St.,Home,Win,4,0,,1,990:00,4.0,6.0,14.0,17.0,10.0,13,,1.0,8.0,,,1.0,990:00,,,,5.0,2.0,14,,,1.0,,,,610
2026-08-16,Saint Peter's Peacocks,St. Bonaventure,Away,Loss,0,1,,1,990:00,,,,7.0,2.0,4,,,5.0,,,,990:00,1.0,1.0,3.0,10.0,3.0,5,,,3.0,,,1.0,617
2026-08-12,Sam Houston Bearkats,Oklahoma St.,Away,Draw,1,1,,1,990:00,1.0,,2.0,4.0,2.0,15,,1.0,1.0,,,,990:00,1.0,1.0,3.0,24.0,8.0,8,,,8.0,,,,624
2026-08-16,Sam Houston Bearkats,Lamar University,Away,Draw,0,0,,1,990:00,,,,9.0,5.0,12,,1.0,3.0,,,,990:00,,,,16.0,6.0,9,,2.0,8.0,,,,624
2026-08-12,Samford Bulldogs,Notre Dame,Away,Draw,0,0,,1,990:00,,,,5.0,2.0,11,,1.0,2.0,,,,990:00,,,,21.0,8.0,4,,1.0,13.0,,,,625
2026-08-16,Samford Bulldogs,Belmont,Home,Win,2,0,,1,986:54,2.0,3.0,7.0,24.0,12.0,6,,1.0,8.0,,,1.0,990:00,,,,7.0,3.0,8,,,2.0,,,,625
2026-08-12,San Diego Toreros,Cal St. Fullerton,Home,Draw,0,0,,1,990:00,,,,9.0,1.0,10,,1.0,3.0,,,,990:00,,,,11.0,4.0,13,,2.0,5.0,,1.0,,627
2026-08-12,San Diego St. Aztecs,UC San Diego,Away,Win,2,0,,1,990:00,2.0,1.0,5.0,9.0,3.0,8,,,5.0,,,1.0,990:00,,,,7.0,4.0,6,,1.0,3.0,,,,626
2026-08-13,San Francisco Dons,CSU Bakersfield,Home,Win,4,0,,1,990:00,4.0,3.0,11.0,13.0,9.0,10,,1.0,4.0,2.0,2.0,1.0,990:00,,,,7.0,3.0,13,,1.0,3.0,,,,629
2026-08-12,San Jose St. Spartans,Santa Clara,Home,Loss,0,2,,1,990:00,,,,3.0,2.0,11,,,2.0,,,,990:00,2.0,4.0,8.0,18.0,10.0,7,,,9.0,,,1.0,630
2026-08-12,Santa Clara Broncos,San Jose St.,Away,Win,2,0,,1,990:00,2.0,4.0,8.0,18.0,10.0,7,,,9.0,,,1.0,990:00,,,,3.0,2.0,11,,,2.0,,,,631
2026-08-16,Santa Clara Broncos,California,Home,Draw,1,1,,1,990:00,1.0,,2.0,13.0,4.0,9,,1.0,5.0,1.0,1.0,,990:00,1.0,,2.0,8.0,6.0,14,,1.0,2.0,,,,631
2026-08-13,Seattle U Redhawks,Kansas St.,Home,Loss,0,4,,1,990:00,,,,9.0,3.0,6,,,6.0,,,,990:00,4.0,1.0,9.0,14.0,8.0,12,,,4.0,,,1.0,1356
2026-08-16,Seattle U Redhawks,Texas Tech,Home,Draw,0,0,,1,990:00,,,,9.0,7.0,10,,1.0,6.0,,,,990:00,,,,11.0,6.0,9,,4.0,5.0,,,,1356
2026-08-16,Seton Hall Pirates,FDU,Home,Win,2,1,,1,990:00,2.0,2.0,6.0,10.0,3.0,16,,3.0,3.0,1.0,1.0,1.0,990:00,1.0,1.0,3.0,6.0,3.0,11,,4.0,4.0,,,,635
2026-08-12,Siena Saints,Boston College,Away,Loss,1,7,,1,990:00,1.0,1.0,3.0,10.0,4.0,5,,,5.0,,,,990:00,7.0,6.0,20.0,26.0,16.0,9,,,10.0,1.0,1.0,1.0,639
2026-08-16,Siena Saints,New Hampshire,Home,Win,1,0,,1,990:00,1.0,2.0,4.0,11.0,4.0,8,,,1.0,,,1.0,990:00,,,,9.0,6.0,8,,,5.0,,,,639
2026-08-12,South Alabama Jaguars,Mississippi St.,Away,Loss,0,3,,1,990:00,,,,4.0,,13,,2.0,4.0,,,,990:00,3.0,3.0,9.0,26.0,12.0,15,,1.0,12.0,,,1.0,646
2026-08-16,South Alabama Jaguars,Tennessee,Away,Loss,0,2,,1,990:00,,,,4.0,1.0,9,,,2.0,,,,990:00,2.0,3.0,7.0,12.0,5.0,7,,,4.0,,,1.0,646
2026-08-12,South Carolina Gamecocks,Oregon St.,Home,Win,2,0,,1,990:00,2.0,2.0,6.0,22.0,9.0,1,,,8.0,,,1.0,990:00,,,,1.0,1.0,5,,1.0,2.0,,,,648
2026-08-16,South Carolina Gamecocks,Wake Forest,Away,Loss,0,3,,1,990:00,,,,5.0,1.0,8,,,4.0,,,,990:00,3.0,,6.0,15.0,7.0,3,,,8.0,,,1.0,648
2026-08-14,South Carolina St. Lady Bulldogs,Southern Utah,Home,Loss,0,1,,1,990:00,,,,3.0,1.0,5,,,4.0,,,,990:00,1.0,,2.0,12.0,7.0,8,,,2.0,,,1.0,647
2026-08-12,South Dakota Coyotes,UNI,Away,Win,4,0,,1,990:00,4.0,4.0,12.0,21.0,9.0,7,,1.0,8.0,,,1.0,990:00,,,,5.0,3.0,10,,3.0,2.0,,,,650
2026-08-16,South Dakota Coyotes,Nebraska,Away,Draw,1,1,,1,990:00,1.0,1.0,3.0,9.0,3.0,12,,1.0,5.0,,,,990:00,1.0,,2.0,25.0,9.0,6,,,6.0,,,,650
2026-08-13,South Dakota St. Jackrabbits,Manitoba (CAN),Home,Win,6,0,,1,990:00,6.0,7.0,19.0,23.0,13.0,3,,,14.0,1.0,1.0,1.0,990:00,,,,2.0,2.0,5,,,1.0,,,,649
2026-08-16,South Dakota St. Jackrabbits,MSU Moorhead,Home,Win,11,0,,1,990:00,11.0,14.0,36.0,23.0,15.0,10,,,5.0,,,1.0,990:00,,,,,,9,,1.0,,,,,649
2026-08-12,South Fla. Bulls,Gonzaga,Away,Loss,1,5,,1,990:00,1.0,,2.0,11.0,8.0,13,,,1.0,,,,990:00,5.0,4.0,14.0,13.0,10.0,13,,1.0,9.0,1.0,1.0,1.0,651
2026-08-15,South Fla. Bulls,Washington St.,Away,Loss,1,4,,1,990:00,1.0,,2.0,15.0,5.0,13,,3.0,4.0,1.0,1.0,,990:00,4.0,3.0,11.0,12.0,6.0,24,,1.0,6.0,1.0,1.0,1.0,651
2026-08-13,Southeast Mo. St. Redhawks,Southern Ill.,Home,Win,1,0,,1,990:00,1.0,1.0,3.0,7.0,4.0,12,,,5.0,,,1.0,990:00,,,,10.0,3.0,16,,1.0,3.0,,,,654
2026-08-13,Southeastern La. Lady Lions,Louisiana,Home,Loss,1,4,,1,990:00,1.0,1.0,3.0,11.0,6.0,9,,,2.0,,1.0,,990:00,4.0,4.0,12.0,12.0,4.0,12,,,4.0,,,1.0,655
2026-08-16,Southeastern La. Lady Lions,Louisiana Tech,Away,Win,5,1,,1,987:51,5.0,4.0,14.0,21.0,16.0,9,,1.0,4.0,,,1.0,990:00,1.0,1.0,3.0,9.0,4.0,8,,3.0,5.0,,,,655
2026-08-12,Southern California Trojans,Duke,Home,Loss,1,3,,1,990:00,1.0,2.0,4.0,5.0,1.0,4,,,4.0,,,,990:00,3.0,5.0,11.0,13.0,6.0,3,,1.0,8.0,,,1.0,657
2026-08-16,Southern California Trojans,Pepperdine,Away,Draw,1,1,,1,990:00,1.0,2.0,4.0,10.0,5.0,12,,1.0,7.0,,,,990:00,1.0,,2.0,13.0,7.0,13,,1.0,4.0,1.0,1.0,,657
2026-08-13,Southern Ill. Salukis,Southeast Mo. St.,Away,Loss,0,1,,1,990:00,,,,10.0,3.0,16,,1.0,3.0,,,,990:00,1.0,1.0,3.0,7.0,4.0,12,,,5.0,,,1.0,659
2026-08-16,Southern Ill. Salukis,Western Ill.,Home,Win,5,0,,1,990:00,5.0,7.0,17.0,14.0,8.0,8,,,6.0,,,1.0,990:00,,,,4.0,1.0,12,,,3.0,,,,659
2026-08-13,Southern Ind. Screaming Eagles,Wright St.,Home,Draw,0,0,,1,990:00,,,,14.0,3.0,12,,1.0,5.0,,,,990:00,,,,15.0,5.0,6,,,11.0,,,,661
2026-08-16,Southern Ind. Screaming Eagles,Middle Tenn.,Home,Loss,0,2,,1,990:00,,,,9.0,5.0,4,,1.0,2.0,,,,990:00,2.0,3.0,7.0,9.0,4.0,5,,,8.0,,,1.0,661
2026-08-13,Southern Miss. Golden Eagles,Alabama St.,Away,Win,4,0,,1,990:00,4.0,2.0,10.0,16.0,7.0,7,,3.0,5.0,,,1.0,990:00,,,,7.0,2.0,9,,1.0,,,,,664
2026-08-16,Southern Miss. Golden Eagles,McNeese,Away,Loss,0,1,,1,990:00,,,,13.0,4.0,5,,1.0,10.0,,,,990:00,1.0,,2.0,12.0,6.0,6,,,1.0,,,1.0,664
2026-08-12,Southern Utah Thunderbirds,Col. of Charleston,Away,Loss,1,3,,1,990:00,1.0,1.0,3.0,5.0,3.0,7,,1.0,2.0,,,,990:00,3.0,1.0,7.0,14.0,5.0,13,,1.0,6.0,1.0,1.0,1.0,667
2026-08-14,Southern Utah Thunderbirds,South Carolina St.,Away,Win,1,0,,1,990:00,1.0,,2.0,12.0,7.0,8,,,2.0,,,1.0,990:00,,,,3.0,1.0,5,,,4.0,,,,667
2026-08-17,Southern Utah Thunderbirds,The Citadel,Away,Win,1,0,,1,990:00,1.0,1.0,3.0,13.0,10.0,3,,2.0,2.0,,,1.0,990:00,,,,12.0,4.0,7,,1.0,1.0,,1.0,,667
2026-08-16,St. Bonaventure Bonnies,Saint Peter's,Home,Win,1,0,,1,990:00,1.0,1.0,3.0,10.0,3.0,5,,,3.0,,,1.0,990:00,,,,7.0,2.0,4,,,5.0,,,,596
2026-08-13,St. John's (NY) Red Storm,Massachusetts,Home,Loss,1,2,,1,990:00,1.0,,2.0,8.0,3.0,8,,,1.0,,,,990:00,2.0,4.0,8.0,12.0,8.0,11,,,3.0,,,1.0,603
2026-08-17,St. John's (NY) Red Storm,Boston College,Away,Loss,1,2,,1,990:00,1.0,2.0,4.0,6.0,3.0,4,,,3.0,,,,990:00,2.0,3.0,7.0,12.0,6.0,12,,,7.0,,,1.0,603
2026-08-12,St. Thomas (MN) Tommies,Marquette,Home,Loss,0,4,,1,990:00,,,,4.0,,10,,1.0,3.0,,,,990:00,4.0,1.0,9.0,17.0,9.0,1,,,5.0,,,1.0,620
2026-08-16,Stanford Cardinal,Cal Poly,Away,Win,1,0,,1,990:00,1.0,,2.0,17.0,5.0,7,,,4.0,,,1.0,990:00,,,,4.0,2.0,2,,,1.0,,,,674
2026-08-13,Stetson Hatters,Florida St.,Home,Loss,0,4,,1,990:00,,,,2.0,2.0,10,,,1.0,,,,990:00,4.0,3.0,11.0,18.0,13.0,7,,,2.0,1.0,1.0,1.0,678
2026-08-16,Stetson Hatters,Kennesaw St.,Away,Loss,0,2,,1,990:00,,,,4.0,,5,,2.0,6.0,,,,990:00,2.0,2.0,6.0,8.0,5.0,16,,1.0,1.0,,,1.0,678
2026-08-13,Stonehill Skyhawks,New Hampshire,Home,Draw,1,1,,1,990:00,1.0,1.0,3.0,12.0,2.0,7,,,3.0,,,,990:00,1.0,,2.0,10.0,3.0,9,,,4.0,1.0,1.0,,682
2026-08-16,Stonehill Skyhawks,Bryant,Away,Draw,0,0,,1,990:00,,,,6.0,2.0,6,,,3.0,,,,990:00,,,,8.0,3.0,10,,,3.0,,,,682
2026-08-13,Stony Brook Seawolves,UConn,Home,Draw,2,2,,1,990:00,2.0,,4.0,10.0,7.0,9,,1.0,3.0,1.0,2.0,,990:00,2.0,4.0,8.0,21.0,14.0,14,,1.0,3.0,,,,683
2026-08-16,Stony Brook Seawolves,New Haven,Home,Win,5,0,,1,990:00,5.0,4.0,14.0,28.0,11.0,12,,1.0,2.0,1.0,1.0,1.0,993:42,,,,4.0,2.0,14,,2.0,3.0,,,,683
2026-08-13,Syracuse Orange,Villanova,Home,Draw,0,0,,1,990:00,,,,8.0,2.0,11,,,8.0,,,,990:00,,,,5.0,4.0,9,,,6.0,,,,688
2026-08-16,Syracuse Orange,Holy Cross,Home,Win,3,1,,1,990:00,3.0,1.0,7.0,10.0,7.0,17,,,2.0,1.0,1.0,1.0,990:00,1.0,,2.0,7.0,3.0,14,,2.0,5.0,1.0,1.0,,688
2026-08-13,TCU Horned Frogs,Wisconsin,Away,Win,1,0,,1,990:00,1.0,,2.0,2.0,,7,,,4.0,,,1.0,990:00,,,,13.0,6.0,8,,,9.0,,,,698
2026-08-16,TCU Horned Frogs,UTSA,Home,Draw,2,2,,1,990:00,2.0,4.0,8.0,20.0,8.0,11,,2.0,4.0,,,,990:00,2.0,3.0,7.0,7.0,2.0,16,,1.0,4.0,,,,698
2026-08-12,Tarleton St. Texans,A&M-Corpus Christi,Away,Draw,2,2,,1,990:00,2.0,1.0,5.0,12.0,6.0,11,,1.0,5.0,,,,990:00,2.0,1.0,5.0,13.0,9.0,8,,,4.0,,,,1395
2026-08-12,Temple Owls,George Washington,Away,Loss,0,4,,1,990:00,,,,9.0,5.0,12,,,2.0,,,,990:00,4.0,4.0,12.0,12.0,7.0,10,,2.0,9.0,,,1.0,690
2026-08-15,Temple Owls,Hampton,Away,Win,1,0,,1,990:00,1.0,2.0,4.0,12.0,4.0,6,,1.0,7.0,,,1.0,990:00,,,,4.0,2.0,7,,1.0,2.0,,,,690
2026-08-13,Tennessee Volunteers,Rutgers,Home,Win,4,1,,1,990:00,4.0,2.0,10.0,18.0,8.0,10,,1.0,6.0,1.0,1.0,1.0,990:00,1.0,,2.0,12.0,4.0,9,,1.0,6.0,,,,694
2026-08-16,Tennessee Volunteers,South Alabama,Home,Win,2,0,,1,990:00,2.0,3.0,7.0,12.0,5.0,7,,,4.0,,,1.0,990:00,,,,4.0,1.0,9,,,2.0,,,,694
2026-08-12,Tennessee Tech Golden Eagles,Belmont,Away,Draw,0,0,,1,990:00,,,,1.0,1.0,7,,,1.0,,,,990:00,,,,12.0,5.0,5,,,6.0,,,,692
2026-08-16,Tennessee Tech Golden Eagles,Austin Peay,Away,Win,1,0,,1,990:00,1.0,,2.0,11.0,6.0,7,,2.0,4.0,,,1.0,990:00,,,,8.0,2.0,10,,,1.0,,,,692
2026-08-12,Texas Longhorns,Houston Christian,Home,Win,3,0,,1,990:00,3.0,3.0,9.0,19.0,7.0,7,,,7.0,,,1.0,990:00,,,,3.0,,7,,,,,,,703
2026-08-16,Texas Longhorns,Pittsburgh,Away,Win,1,0,,1,990:00,1.0,,2.0,14.0,4.0,6,,3.0,9.0,1.0,1.0,1.0,990:00,,,,21.0,6.0,15,,,8.0,,,,703
2026-08-12,Texas A&M Aggies,Rice,Away,Win,2,1,,1,990:00,2.0,,4.0,17.0,8.0,11,,1.0,5.0,1.0,1.0,1.0,990:00,1.0,2.0,4.0,19.0,8.0,15,,2.0,3.0,,,,697
2026-08-16,Texas A&M Aggies,Baylor,Away,Loss,1,2,,1,990:00,1.0,1.0,3.0,7.0,2.0,8,,,2.0,,,,990:00,2.0,4.0,8.0,19.0,7.0,12,,2.0,3.0,,,1.0,697
2026-08-13,Texas Southern Lady Tigers,UTRGV,Away,Win,2,0,,1,990:00,2.0,3.0,7.0,8.0,3.0,7,,,5.0,,,1.0,990:00,,,,9.0,5.0,6,,,3.0,,,,699
2026-08-16,Texas Southern Lady Tigers,Houston Christian,Home,Loss,0,1,,1,990:00,,,,8.0,4.0,2,,,1.0,,,,984:41,1.0,1.0,3.0,16.0,7.0,5,,,7.0,,,1.0,699
2026-08-12,Texas St. Bobcats,UTSA,Away,Draw,2,2,,1,990:00,2.0,1.0,5.0,7.0,3.0,12,,3.0,3.0,,,,1002:04,2.0,1.0,5.0,13.0,7.0,12,,4.0,5.0,1.0,1.0,,670
2026-08-16,Texas St. Bobcats,UTRGV,Home,Win,4,1,,1,990:00,4.0,7.0,15.0,22.0,7.0,7,,,4.0,,,1.0,990:00,1.0,1.0,3.0,3.0,1.0,4,,,,,,,670
2026-08-13,Texas Tech Red Raiders,Hawaii,Away,Win,1,0,,1,990:00,1.0,,2.0,7.0,5.0,12,,1.0,3.0,,,1.0,990:00,,,,9.0,3.0,12,,,6.0,,,,700
2026-08-16,Texas Tech Red Raiders,Seattle U,Home,Draw,0,0,,1,990:00,,,,11.0,6.0,9,,4.0,5.0,,,,990:00,,,,9.0,7.0,10,,1.0,6.0,,,,700
2026-08-12,"The Citadel Bulldogs, Cadets",Queens (NC),Away,Draw,2,2,,1,990:00,2.0,1.0,5.0,13.0,9.0,6,,1.0,5.0,,,,990:00,2.0,1.0,5.0,6.0,4.0,11,,,5.0,,,,141
2026-08-17,"The Citadel Bulldogs, Cadets",Southern Utah,Home,Loss,0,1,,1,990:00,,,,12.0,4.0,7,,1.0,1.0,,1.0,,990:00,1.0,1.0,3.0,13.0,10.0,3,,2.0,2.0,,,1.0,141
2026-08-16,Toledo Rockets,Dayton,Away,Loss,1,2,,1,990:00,1.0,1.0,3.0,10.0,5.0,9,,1.0,4.0,,,,990:00,2.0,2.0,6.0,34.0,9.0,7,,,11.0,,,1.0,709
2026-08-17,Towson Tigers,Mount St. Mary's,Away,Win,2,0,,1,990:00,2.0,,4.0,22.0,7.0,7,,,10.0,1.0,1.0,1.0,990:00,,,,2.0,1.0,12,,1.0,3.0,,,,711
2026-08-13,Troy Trojans,Middle Tenn.,Away,Loss,0,2,,1,990:00,,,,4.0,1.0,14,,1.0,5.0,,,,990:00,2.0,,4.0,16.0,7.0,9,,1.0,4.0,1.0,1.0,1.0,716
2026-08-16,Tulsa Golden Hurricane,Central Ark.,Home,Win,2,1,,1,990:00,2.0,2.0,6.0,18.0,6.0,9,,2.0,12.0,,,1.0,990:00,1.0,1.0,3.0,5.0,4.0,5,,2.0,2.0,,,,719
2026-08-12,UAB Blazers,Georgia St.,Home,Win,4,2,,1,990:00,4.0,3.0,11.0,18.0,5.0,7,,1.0,5.0,,,1.0,990:00,2.0,1.0,5.0,12.0,6.0,7,,1.0,5.0,1.0,1.0,,9
2026-08-16,UAB Blazers,Mississippi St.,Home,Loss,1,2,,1,990:00,1.0,1.0,3.0,5.0,3.0,3,,,3.0,,,,990:00,2.0,1.0,5.0,6.0,4.0,9,,1.0,13.0,,,1.0,9
2026-08-16,UAlbany Great Danes,Boston U.,Home,Loss,1,5,,1,990:00,1.0,1.0,3.0,5.0,2.0,6,,,,,,,990:00,5.0,3.0,13.0,17.0,10.0,9,,,4.0,,,1.0,14
2026-08-12,UC Davis Aggies,Fresno St.,Away,Win,2,0,,1,990:00,2.0,2.0,6.0,8.0,5.0,9,,,2.0,,,1.0,990:00,,,,8.0,4.0,13,,1.0,3.0,,,,108
2026-08-16,UC Davis Aggies,Sacramento St.,Home,Loss,0,1,,1,990:00,,,,8.0,4.0,11,,2.0,3.0,,,,990:00,1.0,,2.0,9.0,4.0,6,,3.0,7.0,1.0,1.0,1.0,108
2026-08-12,UC Irvine Anteaters,Utah Tech,Home,Draw,1,1,,1,990:00,1.0,,2.0,13.0,8.0,2,,,6.0,,,,990:00,1.0,2.0,4.0,6.0,3.0,6,,,3.0,,,,109
2026-08-15,UC Irvine Anteaters,CUI,Home,Win,5,1,,1,990:00,5.0,3.0,13.0,18.0,11.0,7,,,5.0,1.0,1.0,1.0,990:00,1.0,1.0,3.0,3.0,3.0,5,,,1.0,,,,109
2026-08-12,UC Riverside Highlanders,Northern Ariz.,Home,Loss,0,2,,1,990:00,,,,8.0,3.0,6,,,4.0,,,,990:00,2.0,2.0,6.0,8.0,6.0,7,,1.0,3.0,,,1.0,111
2026-08-12,UC San Diego Tritons,San Diego St.,Home,Loss,0,2,,1,990:00,,,,7.0,4.0,6,,1.0,3.0,,,,990:00,2.0,1.0,5.0,9.0,3.0,8,,,5.0,,,1.0,112
2026-08-15,UC San Diego Tritons,Utah Tech,Home,Win,4,2,,1,990:00,4.0,1.0,9.0,17.0,7.0,9,,1.0,7.0,1.0,2.0,1.0,990:00,2.0,2.0,6.0,15.0,7.0,9,,1.0,2.0,,,,112
2026-08-12,UC Santa Barbara Gauchos,LMU (CA),Home,Win,1,0,,1,990:00,1.0,2.0,4.0,10.0,3.0,12,,,7.0,,,1.0,990:00,,,,12.0,4.0,4,,,4.0,,,,104
2026-08-13,UCF Knights,Florida,Home,Win,4,3,,1,990:00,4.0,4.0,12.0,11.0,5.0,9,,,5.0,1.0,1.0,1.0,990:00,3.0,,6.0,24.0,9.0,9,,,9.0,1.0,1.0,,128
2026-08-12,UCLA Bruins,BYU,Home,Loss,1,2,,1,990:00,1.0,2.0,4.0,10.0,3.0,18,,2.0,2.0,,,,990:00,2.0,,4.0,14.0,7.0,13,,2.0,4.0,,,1.0,110
2026-08-16,UCLA Bruins,Duke,Home,Draw,1,1,,1,990:00,1.0,,2.0,6.0,4.0,11,,,6.0,1.0,1.0,,972:01,1.0,,2.0,2.0,1.0,12,1.0,,5.0,,,,110
2026-08-13,UConn Huskies,Stony Brook,Away,Draw,2,2,,1,990:00,2.0,4.0,8.0,21.0,14.0,14,,1.0,3.0,,,,990:00,2.0,,4.0,10.0,7.0,9,,1.0,3.0,1.0,2.0,,164
2026-08-12,UIC Flames,Ohio,Away,Loss,1,2,,1,990:00,1.0,1.0,3.0,13.0,7.0,7,,1.0,1.0,,,,990:00,2.0,,4.0,32.0,13.0,9,,,10.0,,,1.0,302
2026-08-16,UIC Flames,Eastern Ill.,Home,Draw,0,0,,1,990:00,,,,16.0,6.0,11,,,3.0,,,,990:00,,,,6.0,2.0,9,,,,,,,302
2026-08-12,UIW Cardinals,Prairie View,Away,Win,1,0,,1,990:00,1.0,1.0,3.0,19.0,13.0,5,,3.0,2.0,,,1.0,990:00,,,,3.0,,6,,3.0,,,,,2743
2026-08-16,UIW Cardinals,TAMU-San Antonio,Home,Win,9,0,,1,990:00,9.0,6.0,24.0,43.0,31.0,7,,,7.0,,,1.0,990:00,,,,,,2,,1.0,,,,,2743
2026-08-13,ULM Warhawks,Little Rock,Away,Draw,1,1,,1,990:00,1.0,,2.0,7.0,3.0,10,,2.0,2.0,,,,990:00,1.0,,2.0,11.0,6.0,14,,,4.0,,,,498
2026-08-16,ULM Warhawks,Alcorn,Home,Win,6,1,,1,990:00,6.0,4.0,16.0,17.0,12.0,9,,,2.0,,,1.0,990:00,1.0,,2.0,7.0,6.0,9,,1.0,2.0,,,,498
2026-08-13,UMBC Retrievers,Mount St. Mary's,Home,Win,3,1,,1,990:00,3.0,2.0,8.0,17.0,9.0,5,,,6.0,,,1.0,990:00,1.0,,2.0,14.0,7.0,6,,1.0,2.0,1.0,1.0,,391
2026-08-16,UMBC Retrievers,American,Home,Win,2,1,,1,990:00,2.0,2.0,6.0,18.0,8.0,11,,1.0,7.0,,,1.0,990:00,1.0,,2.0,14.0,6.0,7,,1.0,4.0,1.0,1.0,,391
2026-08-12,UMass Lowell River Hawks,Providence,Away,Draw,1,1,,1,990:00,1.0,,2.0,1.0,1.0,6,,1.0,3.0,,,,970:02,1.0,,2.0,34.0,15.0,3,,,8.0,,,,368
2026-08-16,UMass Lowell River Hawks,Fairfield,Home,Loss,2,3,,1,990:00,2.0,2.0,6.0,9.0,5.0,8,,,2.0,,,,1016:07,3.0,3.0,9.0,27.0,10.0,2,,1.0,9.0,,,1.0,368
2026-08-12,UNC Asheville Bulldogs,Wofford,Home,Draw,2,2,,1,990:00,2.0,2.0,6.0,12.0,4.0,9,,,3.0,,,,990:00,2.0,2.0,6.0,10.0,4.0,5,,,2.0,,,,456
2026-08-15,UNC Asheville Bulldogs,North Ala.,Home,Draw,3,3,,1,987:32,3.0,3.0,9.0,16.0,9.0,3,,,3.0,,,,990:00,3.0,3.0,9.0,8.0,3.0,5,,1.0,5.0,,,,456
2026-08-13,UNC Greensboro Spartans,High Point,Away,Win,1,0,,1,990:00,1.0,1.0,3.0,17.0,6.0,3,,,6.0,,,1.0,990:00,,,,13.0,4.0,1,,,7.0,,,,459
2026-08-16,UNC Greensboro Spartans,East Carolina,Home,Draw,2,2,,1,990:00,2.0,2.0,6.0,11.0,6.0,21,,,,,,,990:00,2.0,2.0,6.0,7.0,4.0,14,,1.0,1.0,,,,459
2026-08-13,UNCW Seahawks,App State,Away,Win,3,0,,1,990:00,3.0,3.0,9.0,10.0,6.0,10,,,3.0,1.0,1.0,1.0,990:00,,,,8.0,3.0,8,,2.0,4.0,,1.0,,460
2026-08-16,UNCW Seahawks,Western Caro.,Away,Win,2,1,,1,990:00,2.0,2.0,6.0,15.0,3.0,7,,1.0,8.0,,1.0,1.0,990:00,1.0,1.0,3.0,6.0,4.0,8,,1.0,5.0,,,,460
2026-08-12,UNI Panthers,South Dakota,Home,Loss,0,4,,1,990:00,,,,5.0,3.0,10,,3.0,2.0,,,,990:00,4.0,4.0,12.0,21.0,9.0,7,,1.0,8.0,,,1.0,504
2026-08-16,UNI Panthers,Milwaukee,Home,Loss,0,4,,1,990:00,,,,3.0,1.0,11,,1.0,3.0,,,,990:00,4.0,,8.0,21.0,10.0,14,,,11.0,1.0,1.0,1.0,504
2026-08-12,UNLV Rebels,Cal Poly,Away,Loss,0,1,,1,983:38,,,,6.0,2.0,10,1.0,1.0,3.0,,,,983:38,1.0,,2.0,11.0,4.0,14,1.0,,9.0,1.0,1.0,1.0,465
2026-08-16,UNLV Rebels,Portland St.,Home,Win,1,0,,1,990:00,1.0,1.0,3.0,11.0,2.0,15,,2.0,13.0,,,1.0,990:00,,,,11.0,6.0,10,,2.0,2.0,,,,465
2026-08-16,USC Upstate Spartans,Col. of Charleston,Away,Draw,1,1,,1,990:00,1.0,1.0,3.0,13.0,5.0,12,,2.0,7.0,,,,990:00,1.0,,2.0,12.0,5.0,7,,3.0,7.0,,,,10411
2026-08-12,UT Martin Skyhawks,Chattanooga,Away,Draw,1,1,,1,990:00,1.0,,2.0,2.0,1.0,11,,3.0,3.0,1.0,1.0,,990:00,1.0,,2.0,13.0,6.0,9,,,3.0,,1.0,,695
2026-08-16,UT Martin Skyhawks,Chicago St.,Away,Win,4,0,,1,990:00,4.0,6.0,14.0,28.0,12.0,10,,,9.0,,,1.0,990:00,,,,2.0,2.0,9,,,3.0,,,,695
2026-08-12,UTEP Miners,Lamar University,Home,Win,2,0,,1,990:00,2.0,1.0,5.0,10.0,5.0,9,,2.0,5.0,,,1.0,990:00,,,,2.0,1.0,9,,2.0,1.0,,,,704
2026-08-16,UTEP Miners,Sul Ross St.,Home,Win,5,0,,1,990:00,5.0,7.0,17.0,32.0,18.0,8,,,4.0,1.0,1.0,1.0,990:00,,,,1.0,1.0,11,,1.0,2.0,,,,704
2026-08-13,UTRGV Vaqueros,Texas Southern,Home,Loss,0,2,,1,990:00,,,,9.0,5.0,6,,,3.0,,,,990:00,2.0,3.0,7.0,8.0,3.0,7,,,5.0,,,1.0,536
2026-08-16,UTRGV Vaqueros,Texas St.,Away,Loss,1,4,,1,990:00,1.0,1.0,3.0,3.0,1.0,4,,,,,,,990:00,4.0,7.0,15.0,22.0,7.0,7,,,4.0,,,1.0,536
2026-08-12,UTSA Roadrunners,Texas St.,Home,Draw,2,2,,1,1002:04,2.0,1.0,5.0,13.0,7.0,12,,4.0,5.0,1.0,1.0,,990:00,2.0,1.0,5.0,7.0,3.0,12,,3.0,3.0,,,,706
2026-08-16,UTSA Roadrunners,TCU,Away,Draw,2,2,,1,990:00,2.0,3.0,7.0,7.0,2.0,16,,1.0,4.0,,,,990:00,2.0,4.0,8.0,20.0,8.0,11,,2.0,4.0,,,,706
2026-08-12,Utah Utes,Weber St.,Home,Draw,0,0,,1,990:00,,,,17.0,7.0,6,,,8.0,,,,990:00,,,,4.0,2.0,12,,2.0,5.0,,,,732
2026-08-17,Utah Utes,Utah Valley,Away,Win,2,0,,1,990:00,2.0,2.0,6.0,12.0,7.0,11,,,6.0,,,1.0,942:10,,,,12.0,4.0,9,1.0,,7.0,,,,732
2026-08-12,Utah St. Aggies,Kansas,Away,Loss,0,2,,1,990:00,,,,6.0,3.0,10,,1.0,2.0,,,,990:00,2.0,2.0,6.0,14.0,4.0,5,,,9.0,,,1.0,731
2026-08-16,Utah St. Aggies,Michigan,Home,Draw,2,2,,1,990:00,2.0,1.0,5.0,16.0,9.0,12,,,3.0,,,,990:00,2.0,1.0,5.0,5.0,4.0,13,,1.0,5.0,,,,731
2026-08-12,Utah Tech Trailblazers,UC Irvine,Away,Draw,1,1,,1,990:00,1.0,2.0,4.0,6.0,3.0,6,,,3.0,,,,990:00,1.0,,2.0,13.0,8.0,2,,,6.0,,,,30095
2026-08-15,Utah Tech Trailblazers,UC San Diego,Away,Loss,2,4,,1,990:00,2.0,2.0,6.0,15.0,7.0,9,,1.0,2.0,,,,990:00,4.0,1.0,9.0,17.0,7.0,9,,1.0,7.0,1.0,2.0,1.0,30095
2026-08-13,Utah Valley Wolverines,Michigan,Home,Draw,1,1,,1,984:37,1.0,1.0,3.0,14.0,6.0,12,1.0,1.0,9.0,,,,990:00,1.0,,2.0,13.0,6.0,8,,1.0,3.0,1.0,1.0,,30024
2026-08-17,Utah Valley Wolverines,Utah,Home,Loss,0,2,,1,942:10,,,,12.0,4.0,9,1.0,,7.0,,,,990:00,2.0,2.0,6.0,12.0,7.0,11,,,6.0,,,1.0,30024
2026-08-13,VCU Rams,Elon,Away,Loss,1,4,,1,990:00,1.0,,2.0,7.0,3.0,11,,1.0,4.0,,,,990:00,4.0,2.0,10.0,24.0,9.0,8,,1.0,7.0,1.0,1.0,1.0,740
2026-08-16,VCU Rams,NC State,Home,Loss,0,4,,1,990:00,,,,9.0,4.0,9,,,1.0,,,,990:00,4.0,4.0,12.0,32.0,14.0,9,,,10.0,,,1.0,740
2026-08-13,VMI,George Mason,Away,Loss,1,4,,1,990:00,1.0,1.0,3.0,3.0,2.0,8,,1.0,1.0,,,,990:00,4.0,3.0,11.0,17.0,12.0,11,,,6.0,,,1.0,741
2026-08-16,VMI,Virginia Tech,Away,Loss,0,6,,1,988:44,,,,3.0,,8,,,,,,,990:00,6.0,3.0,15.0,43.0,20.0,10,,,12.0,1.0,1.0,1.0,741
2026-08-13,Valparaiso Beacons,Eastern Ill.,Away,Loss,0,2,,1,990:00,,,,8.0,6.0,6,,,7.0,,,,990:00,2.0,1.0,5.0,9.0,3.0,5,,,3.0,,,1.0,735
2026-08-16,Valparaiso Beacons,SIUE,Away,Draw,2,2,,1,990:00,2.0,2.0,6.0,10.0,7.0,14,,2.0,4.0,,,,990:00,2.0,2.0,6.0,18.0,11.0,7,,2.0,11.0,,,,735
2026-08-12,Vanderbilt Commodores,SMU,Home,Win,4,3,,1,990:00,4.0,2.0,10.0,21.0,7.0,5,,,11.0,1.0,1.0,1.0,990:00,3.0,2.0,8.0,8.0,4.0,12,,1.0,4.0,,,,736
2026-08-16,Vanderbilt Commodores,ETSU,Home,Win,4,0,,1,990:00,4.0,4.0,12.0,19.0,12.0,8,,1.0,9.0,,,1.0,990:00,,,,1.0,1.0,13,,1.0,,,,,736
2026-08-12,Vermont Catamounts,Merrimack,Home,Draw,2,2,,1,982:49,2.0,3.0,7.0,16.0,7.0,11,,,8.0,,,,990:00,2.0,2.0,6.0,15.0,9.0,7,,2.0,6.0,,,,738
2026-08-16,Vermont Catamounts,Sacred Heart,Home,Loss,0,2,,1,990:00,,,,11.0,5.0,9,,3.0,2.0,,,,990:00,2.0,1.0,5.0,17.0,10.0,5,,,3.0,,,1.0,738
2026-08-13,Villanova Wildcats,Syracuse,Away,Draw,0,0,,1,990:00,,,,5.0,4.0,9,,,6.0,,,,990:00,,,,8.0,2.0,11,,,8.0,,,,739
2026-08-16,Villanova Wildcats,Lehigh,Away,Win,9,0,,1,990:00,9.0,7.0,25.0,23.0,12.0,3,,,17.0,1.0,1.0,1.0,990:00,,,,2.0,1.0,3,,,2.0,,,,739
2026-08-12,Virginia Cavaliers,Northwestern,Home,Win,3,1,,1,990:00,3.0,3.0,9.0,16.0,8.0,13,,2.0,6.0,,,1.0,990:00,1.0,1.0,3.0,5.0,2.0,6,,1.0,,,,,746
2026-08-16,Virginia Cavaliers,Liberty,Home,Win,2,0,,1,990:00,2.0,3.0,7.0,14.0,4.0,6,,,5.0,,,1.0,990:00,,,,8.0,3.0,12,,,7.0,,,,746
2026-08-13,Virginia Tech Hokies,Old Dominion,Home,Win,2,1,,1,990:00,2.0,2.0,6.0,15.0,4.0,13,,3.0,6.0,,,1.0,990:00,1.0,2.0,4.0,14.0,5.0,11,,3.0,2.0,,,,742
2026-08-16,Virginia Tech Hokies,VMI,Home,Win,6,0,,1,990:00,6.0,3.0,15.0,43.0,20.0,10,,,12.0,1.0,1.0,1.0,988:44,,,,3.0,,8,,,,,,,742
2026-08-13,Wagner Seahawks,Rider,Home,Loss,0,1,,1,989:25,,,,22.0,8.0,11,,,7.0,,,,990:00,1.0,1.0,3.0,9.0,4.0,8,,,2.0,,,1.0,748
2026-08-16,Wagner Seahawks,Monmouth,Home,Win,2,1,,1,990:00,2.0,2.0,6.0,7.0,5.0,11,,,1.0,,,1.0,990:00,1.0,,2.0,28.0,13.0,8,,,11.0,,,,748
2026-08-12,Wake Forest Demon Deacons,LSU,Home,Win,2,0,,1,990:00,2.0,2.0,6.0,17.0,7.0,9,,,6.0,,,1.0,990:00,,,,14.0,5.0,10,,1.0,8.0,,,,749
2026-08-16,Wake Forest Demon Deacons,South Carolina,Home,Win,3,0,,1,990:00,3.0,,6.0,15.0,7.0,3,,,8.0,,,1.0,990:00,,,,5.0,1.0,8,,,4.0,,,,749
2026-08-12,Washington Huskies,Portland,Home,Win,1,0,,1,990:00,1.0,1.0,3.0,16.0,3.0,21,,2.0,6.0,,,1.0,990:00,,,,2.0,1.0,15,,2.0,4.0,,,,756
2026-08-12,Washington St. Cougars,Idaho,Home,Loss,0,3,,1,990:00,,,,10.0,3.0,8,,,6.0,,,,990:00,3.0,5.0,11.0,15.0,6.0,3,,1.0,4.0,,,1.0,754
2026-08-15,Washington St. Cougars,South Fla.,Home,Win,4,1,,1,990:00,4.0,3.0,11.0,12.0,6.0,24,,1.0,6.0,1.0,1.0,1.0,990:00,1.0,,2.0,15.0,5.0,13,,3.0,4.0,1.0,1.0,,754
2026-08-12,Weber St. Wildcats,Utah,Away,Draw,0,0,,1,990:00,,,,4.0,2.0,12,,2.0,5.0,,,,990:00,,,,17.0,7.0,6,,,8.0,,,,758
2026-08-16,Weber St. Wildcats,Boise St.,Home,Loss,1,4,,1,990:00,1.0,1.0,3.0,9.0,4.0,2,,2.0,3.0,,,,990:00,4.0,4.0,12.0,14.0,12.0,14,,1.0,5.0,,,1.0,758
2026-08-12,West Ga. Wolves,Jacksonville St.,Away,Draw,1,1,,1,990:00,1.0,1.0,3.0,8.0,4.0,14,,1.0,3.0,,,,990:00,1.0,1.0,3.0,20.0,13.0,6,,1.0,6.0,,,,766
2026-08-16,West Ga. Wolves,Mercer,Home,Loss,0,1,,1,990:00,,,,8.0,3.0,7,,2.0,4.0,,,,990:00,1.0,1.0,3.0,25.0,13.0,16,,,10.0,,,1.0,766
2026-08-13,West Virginia Mountaineers,Dayton,Home,Win,2,0,,1,990:00,2.0,1.0,5.0,11.0,2.0,9,,,3.0,,,1.0,990:00,,,,5.0,1.0,10,,1.0,1.0,,,,768
2026-08-13,Western Caro. Catamounts,Winthrop,Home,Win,4,2,,1,990:00,4.0,2.0,10.0,17.0,8.0,11,,,5.0,1.0,1.0,1.0,990:00,2.0,2.0,6.0,12.0,6.0,11,,,9.0,,,,769
2026-08-16,Western Caro. Catamounts,UNCW,Home,Loss,1,2,,1,990:00,1.0,1.0,3.0,6.0,4.0,8,,1.0,5.0,,,,990:00,2.0,2.0,6.0,15.0,3.0,7,,1.0,8.0,,1.0,1.0,769
2026-08-12,Western Ill. Leathernecks,Indiana St.,Home,Loss,0,3,,1,990:00,,,,4.0,3.0,9,,,2.0,,,,990:00,3.0,4.0,10.0,18.0,12.0,8,,,6.0,,,1.0,771
2026-08-16,Western Ill. Leathernecks,Southern Ill.,Away,Loss,0,5,,1,990:00,,,,4.0,1.0,12,,,3.0,,,,990:00,5.0,7.0,17.0,14.0,8.0,8,,,6.0,,,1.0,771
2026-08-13,Western Ky. Lady Toppers,Missouri,Home,Draw,0,0,,1,990:00,,,,8.0,3.0,5,,,2.0,,,,990:00,,,,11.0,6.0,8,,,2.0,,,,772
2026-08-16,Western Ky. Lady Toppers,Indiana St.,Away,Win,1,0,,1,990:00,1.0,1.0,3.0,9.0,3.0,12,,,3.0,,,1.0,990:00,,,,8.0,2.0,15,,,2.0,,,,772
2026-08-12,William & Mary Tribe,Loyola Maryland,Away,Draw,1,1,,1,990:00,1.0,2.0,4.0,7.0,4.0,3,,,3.0,,,,1014:12,1.0,1.0,3.0,3.0,2.0,4,,2.0,8.0,,,,786
2026-08-13,Winthrop Eagles,Western Caro.,Away,Loss,2,4,,1,990:00,2.0,2.0,6.0,12.0,6.0,11,,,9.0,,,,990:00,4.0,2.0,10.0,17.0,8.0,11,,,5.0,1.0,1.0,1.0,792
2026-08-16,Winthrop Eagles,Chattanooga,Home,Loss,0,5,,1,990:00,,,,5.0,1.0,1,,,2.0,,,,990:00,5.0,2.0,12.0,14.0,7.0,4,,,8.0,,,1.0,792
2026-08-13,Wisconsin Badgers,TCU,Home,Loss,0,1,,1,990:00,,,,13.0,6.0,8,,,9.0,,,,990:00,1.0,,2.0,2.0,,7,,,4.0,,,1.0,796
2026-08-12,Wofford Terriers,UNC Asheville,Away,Draw,2,2,,1,990:00,2.0,2.0,6.0,10.0,4.0,5,,,2.0,,,,990:00,2.0,2.0,6.0,12.0,4.0,9,,,3.0,,,,2915
2026-08-16,Wofford Terriers,Richmond,Away,Loss,0,1,,1,990:00,,,,6.0,3.0,14,,1.0,5.0,,,,987:45,1.0,1.0,3.0,12.0,6.0,9,,1.0,7.0,,,1.0,2915
2026-08-13,Wright St. Raiders,Southern Ind.,Away,Draw,0,0,,1,990:00,,,,15.0,5.0,6,,,11.0,,,,990:00,,,,14.0,3.0,12,,1.0,5.0,,,,810
2026-08-16,Wright St. Raiders,Butler,Home,Win,2,1,,1,990:00,2.0,2.0,6.0,7.0,4.0,4,,1.0,3.0,,,1.0,990:00,1.0,,2.0,20.0,12.0,8,,,4.0,1.0,1.0,,810
2026-08-13,Wyoming Cowgirls,Drake,Home,Win,1,0,,1,990:00,1.0,2.0,4.0,19.0,5.0,14,,2.0,6.0,,,1.0,937:05,,,,4.0,2.0,8,1.0,3.0,3.0,,,,811
2026-08-16,Wyoming Cowgirls,Northern Colo.,Away,Win,3,0,,1,990:00,3.0,2.0,8.0,12.0,7.0,15,,2.0,5.0,1.0,1.0,1.0,990:00,,,,10.0,2.0,10,,,3.0,,,,811
2026-08-12,Xavier Musketeers,Michigan St.,Away,Loss,0,2,,1,921:23,,,,8.0,5.0,11,1.0,2.0,3.0,,,,990:00,2.0,1.0,5.0,16.0,5.0,13,,,4.0,,,1.0,812
2026-08-16,Xavier Musketeers,Miami (OH),Home,Win,3,0,,1,990:00,3.0,4.0,10.0,13.0,7.0,12,,1.0,8.0,,,1.0,990:00,,,,7.0,4.0,18,,2.0,5.0,,,,812
2026-08-12,Youngstown St. Penguins,Pittsburgh,Away,Loss,1,2,,1,990:00,1.0,1.0,3.0,6.0,2.0,7,,1.0,3.0,,,,990:00,2.0,2.0,6.0,13.0,3.0,18,,,15.0,,,1.0,817
2026-08-16,Youngstown St. Penguins,Indiana,Away,Loss,1,3,,1,990:00,1.0,1.0,3.0,1.0,1.0,12,,,,,,,990:00,3.0,4.0,10.0,18.0,10.0,11,,,15.0,,1.0,1.0,817
